{"chunk_definitions":[{"row":202,"row_count":1,"visible":true,"expansion_state":0,"options":{"engine":"webr-r","label":"unnamed-chunk-13","context":"setup","dev":"png"},"document_id":"7AC06489","chunk_id":"cst78y4mzomqa","chunk_label":"-r"},{"row":235,"row_count":1,"visible":true,"expansion_state":0,"options":{"engine":"webr-r","label":"unnamed-chunk-14","dev":"png"},"document_id":"7AC06489","chunk_id":"cf5jck467mgri","chunk_label":"-r"},{"row":250,"row_count":1,"visible":true,"expansion_state":0,"options":{"engine":"webr-r","label":"unnamed-chunk-15","dev":"png"},"document_id":"7AC06489","chunk_id":"ci0rm9mmbvz12","chunk_label":"-r"},{"row":269,"row_count":1,"visible":true,"expansion_state":0,"options":{"engine":"webr-r","label":"unnamed-chunk-16","dev":"png"},"document_id":"7AC06489","chunk_id":"ca8v9tbodl4e8","chunk_label":"-r"},{"row":277,"row_count":1,"visible":true,"expansion_state":0,"options":{"engine":"webr-r","label":"unnamed-chunk-17","dev":"png"},"document_id":"7AC06489","chunk_id":"cy12z9vcw3is9","chunk_label":"-r"},{"row":287,"row_count":1,"visible":true,"expansion_state":0,"options":{"engine":"webr-r","label":"unnamed-chunk-18","dev":"png"},"document_id":"7AC06489","chunk_id":"cm2vnlmgwch81","chunk_label":"-r"},{"row":302,"row_count":1,"visible":true,"expansion_state":0,"options":{"engine":"webr-r","label":"unnamed-chunk-12","dev":"png"},"document_id":"7AC06489","chunk_id":"c2qcskt6t4fhh","chunk_label":"-r"},{"row":368,"row_count":1,"visible":true,"expansion_state":0,"options":{"engine":"webr-r","label":"unnamed-chunk-20","dev":"png"},"document_id":"7AC06489","chunk_id":"cd0vbjuf8qnal","chunk_label":"-r"},{"row":373,"row_count":1,"visible":true,"expansion_state":0,"options":{"engine":"webr-r","label":"unnamed-chunk-21","dev":"png"},"document_id":"7AC06489","chunk_id":"c6gqt1cqhzwyl","chunk_label":"-r"}],"doc_write_time":1728827721}