{"title":"MATH 012: R-Labs","markdown":{"yaml":{"title":"MATH 012: R-Labs","format":{"html":{"page-layout":"full","toc":true}}},"headingText":"Welcome to the World of Statistics and Data Science!","containsRefs":false,"markdown":"\n\n\n## What is **R**?\n\n**R** is a versatile computer program that enables a wide range of statistical calculations and data analysis. Developed and maintained largely through voluntary contributions from statisticians globally, R is a free and open-source tool available on most operating systems, including Windows, Mac OS, and Linux.\n\nBeyond statistical analysis, **R** also excels in creating graphics and functions as a full-fledged programming language. In this series of labs, we will only begin to explore the extensive capabilities that R offers.\n\n## How can we run **R**?\n\nThe base **R** environment is always accessible, but most users prefer to work with an Integrated Development Environment (IDE) for a more user-friendly interface. **RStudio**, for example, is one of the most popular IDEs today.\n\n![](ricons.png){fig-align=\"center\"}\n\nAlthough you can [download](https://posit.co/downloads/) and run **R** locally on your system, it's not necessary for our labs, as they can be completed directly within self-contained webpages. We recommend sticking to the content provided on the lab webpages to familiarize yourself with the syntax. Once you feel comfortable with the language, you can easily run **R** on your laptop.\n\n## R-Lab procedure during recitations\n\nIn most recitation sessions, we will dedicate about 15 - 20 minutes to a lab focused on **R** programming and data analysis.\n\n-   Each lab includes a brief tutorial that you can easily follow.\n-   At the end of each lab, you'll find a few questions that you can answer based on the lab materials.\n-   Finally, complete the Gradescope lab quiz, which is directly based on the lab questions.\n\nWhile lab topics are often closely related to class content, they may diverge, especially around the middle of the semester. Feel free to discuss the questions with fellow students, and don't hesitate to ask the TA for help!\n","srcMarkdownNoYaml":"\n\n### Welcome to the World of Statistics and Data Science!\n\n## What is **R**?\n\n**R** is a versatile computer program that enables a wide range of statistical calculations and data analysis. Developed and maintained largely through voluntary contributions from statisticians globally, R is a free and open-source tool available on most operating systems, including Windows, Mac OS, and Linux.\n\nBeyond statistical analysis, **R** also excels in creating graphics and functions as a full-fledged programming language. In this series of labs, we will only begin to explore the extensive capabilities that R offers.\n\n## How can we run **R**?\n\nThe base **R** environment is always accessible, but most users prefer to work with an Integrated Development Environment (IDE) for a more user-friendly interface. **RStudio**, for example, is one of the most popular IDEs today.\n\n![](ricons.png){fig-align=\"center\"}\n\nAlthough you can [download](https://posit.co/downloads/) and run **R** locally on your system, it's not necessary for our labs, as they can be completed directly within self-contained webpages. We recommend sticking to the content provided on the lab webpages to familiarize yourself with the syntax. Once you feel comfortable with the language, you can easily run **R** on your laptop.\n\n## R-Lab procedure during recitations\n\nIn most recitation sessions, we will dedicate about 15 - 20 minutes to a lab focused on **R** programming and data analysis.\n\n-   Each lab includes a brief tutorial that you can easily follow.\n-   At the end of each lab, you'll find a few questions that you can answer based on the lab materials.\n-   Finally, complete the Gradescope lab quiz, which is directly based on the lab questions.\n\nWhile lab topics are often closely related to class content, they may diverge, especially around the middle of the semester. Feel free to discuss the questions with fellow students, and don't hesitate to ask the TA for help!\n"},"formats":{"html":{"identifier":{"display-name":"HTML","target-format":"html","base-format":"html"},"execute":{"fig-width":7,"fig-height":5,"fig-format":"retina","fig-dpi":96,"df-print":"default","error":false,"eval":true,"cache":null,"freeze":false,"echo":true,"output":true,"warning":true,"include":true,"keep-md":false,"keep-ipynb":false,"ipynb":null,"enabled":null,"daemon":null,"daemon-restart":false,"debug":false,"ipynb-filters":[],"ipynb-shell-interactivity":null,"plotly-connected":true,"engine":"markdown"},"render":{"keep-tex":false,"keep-typ":false,"keep-source":false,"keep-hidden":false,"prefer-html":false,"output-divs":true,"output-ext":"html","fig-align":"default","fig-pos":null,"fig-env":null,"code-fold":"none","code-overflow":"scroll","code-link":false,"code-line-numbers":false,"code-tools":false,"tbl-colwidths":"auto","merge-includes":true,"inline-includes":false,"preserve-yaml":false,"latex-auto-mk":true,"latex-auto-install":true,"latex-clean":true,"latex-min-runs":1,"latex-max-runs":10,"latex-makeindex":"makeindex","latex-makeindex-opts":[],"latex-tlmgr-opts":[],"latex-input-paths":[],"latex-output-dir":null,"link-external-icon":false,"link-external-newwindow":false,"self-contained-math":false,"format-resources":[],"notebook-links":true},"pandoc":{"standalone":true,"wrap":"none","default-image-extension":"png","to":"html","filters":["webr"],"toc":true,"css":["styles.css"],"output-file":"index.html"},"language":{"toc-title-document":"Table of contents","toc-title-website":"On this page","related-formats-title":"Other Formats","related-notebooks-title":"Notebooks","source-notebooks-prefix":"Source","other-links-title":"Other Links","code-links-title":"Code Links","launch-dev-container-title":"Launch Dev Container","launch-binder-title":"Launch Binder","article-notebook-label":"Article Notebook","notebook-preview-download":"Download Notebook","notebook-preview-download-src":"Download Source","notebook-preview-back":"Back to Article","manuscript-meca-bundle":"MECA Bundle","section-title-abstract":"Abstract","section-title-appendices":"Appendices","section-title-footnotes":"Footnotes","section-title-references":"References","section-title-reuse":"Reuse","section-title-copyright":"Copyright","section-title-citation":"Citation","appendix-attribution-cite-as":"For attribution, please cite this work as:","appendix-attribution-bibtex":"BibTeX citation:","appendix-view-license":"View License","title-block-author-single":"Author","title-block-author-plural":"Authors","title-block-affiliation-single":"Affiliation","title-block-affiliation-plural":"Affiliations","title-block-published":"Published","title-block-modified":"Modified","title-block-keywords":"Keywords","callout-tip-title":"Tip","callout-note-title":"Note","callout-warning-title":"Warning","callout-important-title":"Important","callout-caution-title":"Caution","code-summary":"Code","code-tools-menu-caption":"Code","code-tools-show-all-code":"Show All Code","code-tools-hide-all-code":"Hide All Code","code-tools-view-source":"View Source","code-tools-source-code":"Source Code","tools-share":"Share","tools-download":"Download","code-line":"Line","code-lines":"Lines","copy-button-tooltip":"Copy to Clipboard","copy-button-tooltip-success":"Copied!","repo-action-links-edit":"Edit this page","repo-action-links-source":"View source","repo-action-links-issue":"Report an issue","back-to-top":"Back to top","search-no-results-text":"No results","search-matching-documents-text":"matching documents","search-copy-link-title":"Copy link to search","search-hide-matches-text":"Hide additional matches","search-more-match-text":"more match in this document","search-more-matches-text":"more matches in this document","search-clear-button-title":"Clear","search-text-placeholder":"","search-detached-cancel-button-title":"Cancel","search-submit-button-title":"Submit","search-label":"Search","toggle-section":"Toggle section","toggle-sidebar":"Toggle sidebar navigation","toggle-dark-mode":"Toggle dark mode","toggle-reader-mode":"Toggle reader mode","toggle-navigation":"Toggle navigation","crossref-fig-title":"Figure","crossref-tbl-title":"Table","crossref-lst-title":"Listing","crossref-thm-title":"Theorem","crossref-lem-title":"Lemma","crossref-cor-title":"Corollary","crossref-prp-title":"Proposition","crossref-cnj-title":"Conjecture","crossref-def-title":"Definition","crossref-exm-title":"Example","crossref-exr-title":"Exercise","crossref-ch-prefix":"Chapter","crossref-apx-prefix":"Appendix","crossref-sec-prefix":"Section","crossref-eq-prefix":"Equation","crossref-lof-title":"List of Figures","crossref-lot-title":"List of Tables","crossref-lol-title":"List of Listings","environment-proof-title":"Proof","environment-remark-title":"Remark","environment-solution-title":"Solution","listing-page-order-by":"Order By","listing-page-order-by-default":"Default","listing-page-order-by-date-asc":"Oldest","listing-page-order-by-date-desc":"Newest","listing-page-order-by-number-desc":"High to Low","listing-page-order-by-number-asc":"Low to High","listing-page-field-date":"Date","listing-page-field-title":"Title","listing-page-field-description":"Description","listing-page-field-author":"Author","listing-page-field-filename":"File Name","listing-page-field-filemodified":"Modified","listing-page-field-subtitle":"Subtitle","listing-page-field-readingtime":"Reading Time","listing-page-field-wordcount":"Word Count","listing-page-field-categories":"Categories","listing-page-minutes-compact":"{0} min","listing-page-category-all":"All","listing-page-no-matches":"No matching items","listing-page-words":"{0} words","listing-page-filter":"Filter","draft":"Draft"},"metadata":{"lang":"en","fig-responsive":true,"quarto-version":"1.5.56","editor":"visual","theme":"sketchy","title":"MATH 012: R-Labs","page-layout":"full"},"extensions":{"book":{"multiFile":true}}}},"projectFormats":["html"]}