{"title":"Lab 8","markdown":{"yaml":{"title":"Lab 8","webr":{"show-startup-message":true}},"headingText":"Probability (I)","containsRefs":false,"markdown":"\n::: {.hidden}\n\\let\\OldTexttt\\texttt\n\\renewcommand{\\txt}[1]{\\OldTexttt{\\color{brown}{#1}}}\n:::\n\n\n## Random Variable\n\nA \"random variable\" can be viewed as a numerical variable with known possible values, though the actual value remains unknown until the corresponding experiment is completed. Since numerical variables can be either discrete or continuous, random variables can also be classified as discrete or continuous.\n\n## Discrete Random Variable\n\nA discrete random variable can take on countably distinct values. For example, it might yield an integer between 1 and 6 (as in the outcome of rolling a die) or an integer from 1 to infinity (such as the number of car accidents in the U.S. in a given year).\n\n### Box model\n\nA box model is a useful way to model an experiment with a discrete random variable. Suppose we have a box containing three balls marked with 1, five balls marked with 2, and two balls marked with 3. We draw a ball with replacement, meaning:\n\n1.  Extract a ball.\n2.  Check the number on it.\n3.  Put the ball back into the box.\n4.  Repeat the process.\n\nDue to this \"replacement\" condition, the theoretical probability of drawing a 1, 2, or 3 remains constant throughout the experiment. If we define the random variable $X$ as the number marked on the drawn ball, the corresponding discrete probability distribution is:\n\n|  x   |  1   |  2   |  3   |  Total  |\n|:----:|:----:|:----:|:----:|:-------:|\n| p(x) | 3/10 | 5/10 | 2/10 | 10/10=1 |\n\nThe shape of the distribution can be illustrated:\n\n```{webr-r}\nplot(1:3,c(0.3,0.5,0.2),type=\"h\",lwd=10,ylim=c(0,0.5),\n     main=\"Probability Mass Function\",ylab=\"Prob.\",xlab=\"x\")\n```\n\nNow, we can use the $\\txt{sample()}$ function in $\\textbf{R}$ to implement the experiment using the box model, which involves assuming the model and simulating the process of drawing balls from the box. The $\\txt{sample()}$ function accepts three arguments:\n\n- The first argument accepts the ball setting in a box model;\n- The second argument is the number of balls we want to draw;\n- The third argument is to set the replacement condition.\n\n```{webr-r}\n## Ball setting of the given box model\nBOX<-c(1,1,1,2,2,2,2,2,3,3)\n## Drawing a single ball from the box model\nsample(BOX,size=1,replace=TRUE)\n\n## Drawing 10 balls from the box model\n#sample(BOX,size=10,replace=TRUE)\n\n## Drawing 100 balls from the box model\n#sample(BOX,size=100,replace=TRUE)\n```\n\nNote that each time you run the code, the set of drawn balls will differ due to the randomness of the experiment. Now, we can summarize the observed balls in the sample data using a frequency table as follows:\n\n```{webr-r}\nn<-2000\n## Drawing 2000 balls from the box\nDATA<-sample(BOX,size=n,replace=TRUE)\n## Frequency table\ntable(DATA)\n## Relative frequency table\ntable(DATA)/n\n```\n\nWith the large number of the sample, the frequency table closely aligns with the theoretical probability distribution. This illustrates the concept of **long-run probability**—the idea that the relative frequency of an event (e.g., $X=1$, $X=2$, or $X=3$) converges toward the theoretical probability with repeated trials. We can further verify this by examining the trajectories of relative frequencies. For this purpose, we use the $\\txt{cumsum()}$ function, which generates a vector of cumulative sums of events from subsets with sample sizes ranging from 1 to 2000.\n\n```{webr-r}\n## Matrix initialization to record the trajectories\nTRAJ<-matrix(,nrow=2000,ncol=3)\n## Record three vectors for the occurrences of events\nEVENT1<-(DATA==1);EVENT2<-(DATA==2);EVENT3<-(DATA==3)\n## Divide cumsum() results by a vector 1:2000 \nTRAJ[,1]<-cumsum(EVENT1)/1:2000\nTRAJ[,2]<-cumsum(EVENT2)/1:2000\nTRAJ[,3]<-cumsum(EVENT3)/1:2000\n## Plot the trajectories\nmatplot(1:2000,TRAJ,ylim=c(0,1),type=\"l\",lwd=2,col=2:4,lty=1\n        ,main=\"Box Model: Long-Run Probability\",ylab=\"Prob.\",xlab=\"Trajectories\")\nlegend(\"topright\",legend=c(\"P(X=1)\",\"P(X=2)\",\"P(X=3)\"),col=2:4,lty=1,lwd=2)\n## ADD reference lines\nabline(h=c(0.2,0.5,0.3),lwd=2,col=\"lightgray\",lty=2)\n```\nWe can observe that the convergences of relative frequencies to the theoretical probabilities.\n\n### Mean and variance of discrete probability distribution\n\nAs learned, the mean and variance of a discrete probability distribution can be calculated by: \\begin{align*}\n  \\mu =& \\sum x p(x)\\\\\n  \\sigma^2 = & \\sum (x-\\mu)^2p(x),\n\\end{align*} where the summation is taken over all possible values of $X$. Using **R**, we can easily compute these quantities. For example, with our box model:\n\n```{webr-r}\nx<-c(1,2,3)\npx<-c(3/10,5/10,2/10)\nmu<-sum(x*px)\nsigma<-sum((x-mu)^2*px)\nmu;sigma\n```\n\nWe can also calculate these values empirically using the data we generated.\n\n```{webr-r}\nmean(DATA)\nvar(DATA)\n```\nAgain, observe the empirical mean and variance are close to their theoretical counterparts.\n\n## Binomial distribution\n\nThe binomial probability distribution is one of the most widely used discrete distributions. Consider an experiment with two possible outcomes: success or failure, each with a fixed probability of success $p$. If this experiment is repeated $n$ times, the total number of successes can be modeled as a binomial random variable $X$, which can take any integer value from 0 (no success) to $n$ (all successes).\\\nRecall that the probability of observing exactly $x$ successes is given by: $$\np(x)=\\frac{n!}{x!(n-x)!}p^x(1-p)^{n-x}.\n$$\n\n### Example: Curry's free throw shootings\n\nStephen Curry is renowned for his three-point shooting, but he also holds the highest career free-throw percentage in NBA history (91%). Suppose we expect him to attempt 7 free throws in the Warriors' game against the Pelicans on 03/28/2025.\n\nWe can model this scenario using the binomial probability distribution with $p=0.91$ (success probability) and $n=7$ (number of attempts). The probability that he makes **exactly 5** out of 7 free throws can be calculated as:\n\n```{webr-r}\nn <- 7\np <- 0.91\n## Based on the formula\nfactorial(n)/(factorial(5)*factorial(n-5))*p^5*(1-p)^(n-5)\n```\n\nWhile this direct computation is doable in **R**, it may not be convenient to write out all the codes manually. Instead, we can use the built-in function $\\txt{dbinom()}$ to simplify the process. The function $\\txt{dbinom()}$ accepts the three arguments:\n\n- The first argument is the observed $x$ value;\n- The second and third arguments are the two parameters $n$ and $p$.\n\n```{webr-r}\n## Here is the probability of x=5 when n and p are given.\ndbinom(5,n,p)\n```\n\nIn addition, we can calculate the probability of achieving **five or fewer** successful shots using the function $\\txt{pbinom()}$.\n\n```{webr-r}\n## Given the same information as earlier\npbinom(5,n,p)\n```\n\nLastly, the probability the number of successes is **more than five** shots becomes:\n\n```{webr-r}\n1-pbinom(5,n,p)\n```\nNote that the probability above was obtained using the complement rule.\n\nWe can also check the shape of the distribution as well:\n\n```{webr-r}\nplot(0:n,dbinom(0:n,n,p),type=\"h\",lwd=10,main=\"Binomial PMF\",xlab=\"x\",ylab=\"Prob.\")\n```\n\nFor a binomial distribution, we can easily determine the mean and variance using the two parameters $n$ and $p$: $$\n\\mu=np\\text{ and }\\sigma^2=np(1-p).\n$$\n\n```{webr-r}\n## Mean\nn*p\n## Variance\nn*p*(1-p)\n```\n\n## Lab Questions\n\n::: {.img-float}\n![By Steve Lipofsky Basketballphoto.com, CC BY 3.0.](images/HACK_SHAQ.jpg){style=\"float: right; margin: 5px;\"}\n:::\nShaquille O'Neal is a legendary NBA player, renowned for being one of the most dominant forces in the history of the league, particularly due to his impact on the game and his prowess in the paint. However, he was also infamous for his low free throw percentage of 52.7% throughout his career. Opposing teams often resorted to intentionally fouling him to give him more free throw attempts, a strategy known as **\"Hack-a-Shaq.\"** For the following questions, suppose he attempted 10 free throws in a game.\n\n\n1.  What are the two parameters $n$ and $p$?\n\n```{webr-r}\nn <-\np <-\n```\n\n2.  What is the probability that O'Neal made 7 free throws among 10 attempts?\n\n```{webr-r}\n\n```\n\n3.  What is the probability that O'Neal made at least 7 free throws among 10 attempts?\n\n```{webr-r}\n\n```\n\n4.  Calculate the mean and variance of the number of successful shots among 10 attempts.\n\n```{webr-r}\n\n```\n\n\n**Click [HERE](https://coursesite.lehigh.edu/mod/quiz/view.php?id=5961981){target=\"_blank\"} to submit your answers.**\n","srcMarkdownNoYaml":"\n::: {.hidden}\n\\let\\OldTexttt\\texttt\n\\renewcommand{\\txt}[1]{\\OldTexttt{\\color{brown}{#1}}}\n:::\n\n# Probability (I)\n\n## Random Variable\n\nA \"random variable\" can be viewed as a numerical variable with known possible values, though the actual value remains unknown until the corresponding experiment is completed. Since numerical variables can be either discrete or continuous, random variables can also be classified as discrete or continuous.\n\n## Discrete Random Variable\n\nA discrete random variable can take on countably distinct values. For example, it might yield an integer between 1 and 6 (as in the outcome of rolling a die) or an integer from 1 to infinity (such as the number of car accidents in the U.S. in a given year).\n\n### Box model\n\nA box model is a useful way to model an experiment with a discrete random variable. Suppose we have a box containing three balls marked with 1, five balls marked with 2, and two balls marked with 3. We draw a ball with replacement, meaning:\n\n1.  Extract a ball.\n2.  Check the number on it.\n3.  Put the ball back into the box.\n4.  Repeat the process.\n\nDue to this \"replacement\" condition, the theoretical probability of drawing a 1, 2, or 3 remains constant throughout the experiment. If we define the random variable $X$ as the number marked on the drawn ball, the corresponding discrete probability distribution is:\n\n|  x   |  1   |  2   |  3   |  Total  |\n|:----:|:----:|:----:|:----:|:-------:|\n| p(x) | 3/10 | 5/10 | 2/10 | 10/10=1 |\n\nThe shape of the distribution can be illustrated:\n\n```{webr-r}\nplot(1:3,c(0.3,0.5,0.2),type=\"h\",lwd=10,ylim=c(0,0.5),\n     main=\"Probability Mass Function\",ylab=\"Prob.\",xlab=\"x\")\n```\n\nNow, we can use the $\\txt{sample()}$ function in $\\textbf{R}$ to implement the experiment using the box model, which involves assuming the model and simulating the process of drawing balls from the box. The $\\txt{sample()}$ function accepts three arguments:\n\n- The first argument accepts the ball setting in a box model;\n- The second argument is the number of balls we want to draw;\n- The third argument is to set the replacement condition.\n\n```{webr-r}\n## Ball setting of the given box model\nBOX<-c(1,1,1,2,2,2,2,2,3,3)\n## Drawing a single ball from the box model\nsample(BOX,size=1,replace=TRUE)\n\n## Drawing 10 balls from the box model\n#sample(BOX,size=10,replace=TRUE)\n\n## Drawing 100 balls from the box model\n#sample(BOX,size=100,replace=TRUE)\n```\n\nNote that each time you run the code, the set of drawn balls will differ due to the randomness of the experiment. Now, we can summarize the observed balls in the sample data using a frequency table as follows:\n\n```{webr-r}\nn<-2000\n## Drawing 2000 balls from the box\nDATA<-sample(BOX,size=n,replace=TRUE)\n## Frequency table\ntable(DATA)\n## Relative frequency table\ntable(DATA)/n\n```\n\nWith the large number of the sample, the frequency table closely aligns with the theoretical probability distribution. This illustrates the concept of **long-run probability**—the idea that the relative frequency of an event (e.g., $X=1$, $X=2$, or $X=3$) converges toward the theoretical probability with repeated trials. We can further verify this by examining the trajectories of relative frequencies. For this purpose, we use the $\\txt{cumsum()}$ function, which generates a vector of cumulative sums of events from subsets with sample sizes ranging from 1 to 2000.\n\n```{webr-r}\n## Matrix initialization to record the trajectories\nTRAJ<-matrix(,nrow=2000,ncol=3)\n## Record three vectors for the occurrences of events\nEVENT1<-(DATA==1);EVENT2<-(DATA==2);EVENT3<-(DATA==3)\n## Divide cumsum() results by a vector 1:2000 \nTRAJ[,1]<-cumsum(EVENT1)/1:2000\nTRAJ[,2]<-cumsum(EVENT2)/1:2000\nTRAJ[,3]<-cumsum(EVENT3)/1:2000\n## Plot the trajectories\nmatplot(1:2000,TRAJ,ylim=c(0,1),type=\"l\",lwd=2,col=2:4,lty=1\n        ,main=\"Box Model: Long-Run Probability\",ylab=\"Prob.\",xlab=\"Trajectories\")\nlegend(\"topright\",legend=c(\"P(X=1)\",\"P(X=2)\",\"P(X=3)\"),col=2:4,lty=1,lwd=2)\n## ADD reference lines\nabline(h=c(0.2,0.5,0.3),lwd=2,col=\"lightgray\",lty=2)\n```\nWe can observe that the convergences of relative frequencies to the theoretical probabilities.\n\n### Mean and variance of discrete probability distribution\n\nAs learned, the mean and variance of a discrete probability distribution can be calculated by: \\begin{align*}\n  \\mu =& \\sum x p(x)\\\\\n  \\sigma^2 = & \\sum (x-\\mu)^2p(x),\n\\end{align*} where the summation is taken over all possible values of $X$. Using **R**, we can easily compute these quantities. For example, with our box model:\n\n```{webr-r}\nx<-c(1,2,3)\npx<-c(3/10,5/10,2/10)\nmu<-sum(x*px)\nsigma<-sum((x-mu)^2*px)\nmu;sigma\n```\n\nWe can also calculate these values empirically using the data we generated.\n\n```{webr-r}\nmean(DATA)\nvar(DATA)\n```\nAgain, observe the empirical mean and variance are close to their theoretical counterparts.\n\n## Binomial distribution\n\nThe binomial probability distribution is one of the most widely used discrete distributions. Consider an experiment with two possible outcomes: success or failure, each with a fixed probability of success $p$. If this experiment is repeated $n$ times, the total number of successes can be modeled as a binomial random variable $X$, which can take any integer value from 0 (no success) to $n$ (all successes).\\\nRecall that the probability of observing exactly $x$ successes is given by: $$\np(x)=\\frac{n!}{x!(n-x)!}p^x(1-p)^{n-x}.\n$$\n\n### Example: Curry's free throw shootings\n\nStephen Curry is renowned for his three-point shooting, but he also holds the highest career free-throw percentage in NBA history (91%). Suppose we expect him to attempt 7 free throws in the Warriors' game against the Pelicans on 03/28/2025.\n\nWe can model this scenario using the binomial probability distribution with $p=0.91$ (success probability) and $n=7$ (number of attempts). The probability that he makes **exactly 5** out of 7 free throws can be calculated as:\n\n```{webr-r}\nn <- 7\np <- 0.91\n## Based on the formula\nfactorial(n)/(factorial(5)*factorial(n-5))*p^5*(1-p)^(n-5)\n```\n\nWhile this direct computation is doable in **R**, it may not be convenient to write out all the codes manually. Instead, we can use the built-in function $\\txt{dbinom()}$ to simplify the process. The function $\\txt{dbinom()}$ accepts the three arguments:\n\n- The first argument is the observed $x$ value;\n- The second and third arguments are the two parameters $n$ and $p$.\n\n```{webr-r}\n## Here is the probability of x=5 when n and p are given.\ndbinom(5,n,p)\n```\n\nIn addition, we can calculate the probability of achieving **five or fewer** successful shots using the function $\\txt{pbinom()}$.\n\n```{webr-r}\n## Given the same information as earlier\npbinom(5,n,p)\n```\n\nLastly, the probability the number of successes is **more than five** shots becomes:\n\n```{webr-r}\n1-pbinom(5,n,p)\n```\nNote that the probability above was obtained using the complement rule.\n\nWe can also check the shape of the distribution as well:\n\n```{webr-r}\nplot(0:n,dbinom(0:n,n,p),type=\"h\",lwd=10,main=\"Binomial PMF\",xlab=\"x\",ylab=\"Prob.\")\n```\n\nFor a binomial distribution, we can easily determine the mean and variance using the two parameters $n$ and $p$: $$\n\\mu=np\\text{ and }\\sigma^2=np(1-p).\n$$\n\n```{webr-r}\n## Mean\nn*p\n## Variance\nn*p*(1-p)\n```\n\n## Lab Questions\n\n::: {.img-float}\n![By Steve Lipofsky Basketballphoto.com, CC BY 3.0.](images/HACK_SHAQ.jpg){style=\"float: right; margin: 5px;\"}\n:::\nShaquille O'Neal is a legendary NBA player, renowned for being one of the most dominant forces in the history of the league, particularly due to his impact on the game and his prowess in the paint. However, he was also infamous for his low free throw percentage of 52.7% throughout his career. Opposing teams often resorted to intentionally fouling him to give him more free throw attempts, a strategy known as **\"Hack-a-Shaq.\"** For the following questions, suppose he attempted 10 free throws in a game.\n\n\n1.  What are the two parameters $n$ and $p$?\n\n```{webr-r}\nn <-\np <-\n```\n\n2.  What is the probability that O'Neal made 7 free throws among 10 attempts?\n\n```{webr-r}\n\n```\n\n3.  What is the probability that O'Neal made at least 7 free throws among 10 attempts?\n\n```{webr-r}\n\n```\n\n4.  Calculate the mean and variance of the number of successful shots among 10 attempts.\n\n```{webr-r}\n\n```\n\n\n**Click [HERE](https://coursesite.lehigh.edu/mod/quiz/view.php?id=5961981){target=\"_blank\"} to submit your answers.**\n"},"formats":{"html":{"identifier":{"display-name":"HTML","target-format":"html","base-format":"html"},"execute":{"fig-width":7,"fig-height":5,"fig-format":"retina","fig-dpi":96,"df-print":"default","error":false,"eval":true,"cache":null,"freeze":false,"echo":true,"output":true,"warning":true,"include":true,"keep-md":false,"keep-ipynb":false,"ipynb":null,"enabled":null,"daemon":null,"daemon-restart":false,"debug":false,"ipynb-filters":[],"ipynb-shell-interactivity":null,"plotly-connected":true,"engine":"markdown"},"render":{"keep-tex":false,"keep-typ":false,"keep-source":false,"keep-hidden":false,"prefer-html":false,"output-divs":true,"output-ext":"html","fig-align":"default","fig-pos":null,"fig-env":null,"code-fold":"none","code-overflow":"scroll","code-link":false,"code-line-numbers":false,"code-tools":false,"tbl-colwidths":"auto","merge-includes":true,"inline-includes":false,"preserve-yaml":false,"latex-auto-mk":true,"latex-auto-install":true,"latex-clean":true,"latex-min-runs":1,"latex-max-runs":10,"latex-makeindex":"makeindex","latex-makeindex-opts":[],"latex-tlmgr-opts":[],"latex-input-paths":[],"latex-output-dir":null,"link-external-icon":false,"link-external-newwindow":false,"self-contained-math":false,"format-resources":[],"notebook-links":true},"pandoc":{"standalone":true,"wrap":"none","default-image-extension":"png","to":"html","filters":["webr"],"toc":true,"css":["styles.css"],"output-file":"Lab_8.html"},"language":{"toc-title-document":"Table of contents","toc-title-website":"On this page","related-formats-title":"Other Formats","related-notebooks-title":"Notebooks","source-notebooks-prefix":"Source","other-links-title":"Other Links","code-links-title":"Code Links","launch-dev-container-title":"Launch Dev Container","launch-binder-title":"Launch Binder","article-notebook-label":"Article Notebook","notebook-preview-download":"Download Notebook","notebook-preview-download-src":"Download Source","notebook-preview-back":"Back to Article","manuscript-meca-bundle":"MECA Bundle","section-title-abstract":"Abstract","section-title-appendices":"Appendices","section-title-footnotes":"Footnotes","section-title-references":"References","section-title-reuse":"Reuse","section-title-copyright":"Copyright","section-title-citation":"Citation","appendix-attribution-cite-as":"For attribution, please cite this work as:","appendix-attribution-bibtex":"BibTeX citation:","appendix-view-license":"View License","title-block-author-single":"Author","title-block-author-plural":"Authors","title-block-affiliation-single":"Affiliation","title-block-affiliation-plural":"Affiliations","title-block-published":"Published","title-block-modified":"Modified","title-block-keywords":"Keywords","callout-tip-title":"Tip","callout-note-title":"Note","callout-warning-title":"Warning","callout-important-title":"Important","callout-caution-title":"Caution","code-summary":"Code","code-tools-menu-caption":"Code","code-tools-show-all-code":"Show All Code","code-tools-hide-all-code":"Hide All Code","code-tools-view-source":"View Source","code-tools-source-code":"Source Code","tools-share":"Share","tools-download":"Download","code-line":"Line","code-lines":"Lines","copy-button-tooltip":"Copy to Clipboard","copy-button-tooltip-success":"Copied!","repo-action-links-edit":"Edit this page","repo-action-links-source":"View source","repo-action-links-issue":"Report an issue","back-to-top":"Back to top","search-no-results-text":"No results","search-matching-documents-text":"matching documents","search-copy-link-title":"Copy link to search","search-hide-matches-text":"Hide additional matches","search-more-match-text":"more match in this document","search-more-matches-text":"more matches in this document","search-clear-button-title":"Clear","search-text-placeholder":"","search-detached-cancel-button-title":"Cancel","search-submit-button-title":"Submit","search-label":"Search","toggle-section":"Toggle section","toggle-sidebar":"Toggle sidebar navigation","toggle-dark-mode":"Toggle dark mode","toggle-reader-mode":"Toggle reader mode","toggle-navigation":"Toggle navigation","crossref-fig-title":"Figure","crossref-tbl-title":"Table","crossref-lst-title":"Listing","crossref-thm-title":"Theorem","crossref-lem-title":"Lemma","crossref-cor-title":"Corollary","crossref-prp-title":"Proposition","crossref-cnj-title":"Conjecture","crossref-def-title":"Definition","crossref-exm-title":"Example","crossref-exr-title":"Exercise","crossref-ch-prefix":"Chapter","crossref-apx-prefix":"Appendix","crossref-sec-prefix":"Section","crossref-eq-prefix":"Equation","crossref-lof-title":"List of Figures","crossref-lot-title":"List of Tables","crossref-lol-title":"List of Listings","environment-proof-title":"Proof","environment-remark-title":"Remark","environment-solution-title":"Solution","listing-page-order-by":"Order By","listing-page-order-by-default":"Default","listing-page-order-by-date-asc":"Oldest","listing-page-order-by-date-desc":"Newest","listing-page-order-by-number-desc":"High to Low","listing-page-order-by-number-asc":"Low to High","listing-page-field-date":"Date","listing-page-field-title":"Title","listing-page-field-description":"Description","listing-page-field-author":"Author","listing-page-field-filename":"File Name","listing-page-field-filemodified":"Modified","listing-page-field-subtitle":"Subtitle","listing-page-field-readingtime":"Reading Time","listing-page-field-wordcount":"Word Count","listing-page-field-categories":"Categories","listing-page-minutes-compact":"{0} min","listing-page-category-all":"All","listing-page-no-matches":"No matching items","listing-page-words":"{0} words","listing-page-filter":"Filter","draft":"Draft"},"metadata":{"lang":"en","fig-responsive":true,"quarto-version":"1.5.56","editor":"visual","theme":"sketchy","title":"Lab 8","webr":{"show-startup-message":true}},"extensions":{"book":{"multiFile":true}}}},"projectFormats":["html"]}