{"title":"Lab 7","markdown":{"yaml":{"title":"Lab 7","webr":{"show-startup-message":true}},"headingText":"Analyzing Bivariate Data with **R (III)**","containsRefs":false,"markdown":"\n\n```{webr-r}\n#| context: setup\n\n\n\nSurvey_Data<-structure(list(Sports = c(\"MLB\", \"NFL\", \"NHL\", \"Other\", \"NBA\", \n\"NHL\", \"NBA\", \"NFL\", \"NBA\", \"MLB\", \"NHL\", \"Other\", \"NBA\", \"Other\", \n\"NBA\", \"MLB\", \"NBA\", \"NFL\", \"MLB\", \"NFL\", \"NBA\", \"Other\", \"MLB\", \n\"Other\", \"Other\", \"NFL\", \"NFL\", \"NFL\", \"NHL\", \"Other\", \"NFL\", \n\"Other\", \"MLB\", \"NBA\", \"MLB\", \"NBA\", \"NBA\", \"Other\", \"NHL\", \"MLB\", \n\"NFL\", \"Other\", \"NFL\", \"NBA\", \"NFL\", \"Other\", \"NFL\", \"Other\", \n\"MLB\", \"NFL\", \"NFL\", \"Other\", \"NBA\", \"MLB\", \"Other\", \"NBA\", \"Other\", \n\"Other\", \"NBA\", \"Other\", \"NHL\", \"NBA\", \"NFL\", \"NFL\", \"Other\", \n\"Other\", \"MLB\", \"NFL\", \"NBA\", \"NBA\", \"Other\", \"NBA\", \"NBA\", \"NHL\", \n\"Other\", \"NFL\", \"Other\", \"NFL\", \"NFL\", \"NBA\", \"NBA\", \"Other\", \n\"NHL\", \"NFL\", \"MLB\", \"NBA\", \"NFL\", \"Other\", \"NHL\", \"MLB\", \"NHL\", \n\"NBA\", \"NHL\", \"Other\", \"Other\", \"NFL\", \"NBA\", \"NBA\", \"MLB\", \"MLB\", \n\"NHL\", \"MLB\", \"NBA\", \"NFL\", \"NFL\", \"NFL\", \"Other\", \"Other\", \"Other\", \n\"Other\", \"NBA\", \"Other\", \"NFL\", \"NBA\", \"NHL\", \"Other\", \"MLB\", \n\"NFL\", \"NBA\", \"Other\", \"NFL\", \"NBA\", \"NFL\", \"Other\", \"Other\", \n\"NFL\", \"NFL\", \"NBA\", \"NBA\", \"NFL\", \"Other\", \"NBA\", \"NBA\", \"NFL\", \n\"MLB\", \"NHL\"), States = c(23L, 20L, 3L, 9L, 11L, 20L, 15L, 13L, \n20L, 15L, 10L, 15L, 12L, 6L, 16L, 17L, 20L, 9L, 15L, 17L, 12L, \n7L, 12L, 9L, 14L, 15L, 6L, 18L, 17L, 15L, 5L, 10L, 16L, 27L, \n13L, 15L, 30L, 5L, 15L, 14L, 13L, NA, 30L, 18L, 23L, 8L, 18L, \n20L, 18L, 15L, 14L, 16L, 24L, 13L, 28L, 3L, 13L, 19L, 18L, 7L, \n36L, 3L, 10L, 26L, 12L, 8L, 18L, 10L, 6L, 18L, 18L, 20L, 20L, \n10L, 26L, 5L, 8L, 7L, 20L, 6L, 22L, 10L, 15L, 15L, 25L, 5L, 12L, \n5L, 10L, 11L, 4L, 6L, 9L, 7L, 5L, 10L, 15L, 14L, 19L, 15L, 12L, \n11L, 3L, 6L, 15L, 6L, 15L, 5L, 12L, 13L, 4L, 1L, 15L, 35L, 8L, \n9L, 17L, 5L, 5L, 8L, 3L, 2L, 10L, 15L, 17L, 12L, 13L, 5L, 12L, \n15L, 2L, 8L, 13L, 27L, 1L, 16L), Cat_Dog = c(\"Dog\", \"Dog\", \"Dog\", \n\"Cat\", \"Dog\", \"Cat\", \"Dog\", \"Dog\", \"Dog\", \"Dog\", \"Dog\", \"Dog\", \n\"Other\", \"Cat\", \"Dog\", \"Cat\", \"Dog\", \"Dog\", \"Dog\", \"Dog\", \"Dog\", \n\"Dog\", \"Dog\", \"Dog\", \"Dog\", \"Dog\", \"Cat\", \"Dog\", \"Cat\", \"Dog\", \n\"Dog\", \"Other\", \"Dog\", \"Dog\", \"Dog\", \"Dog\", \"Cat\", \"Cat\", \"Dog\", \n\"Dog\", \"Dog\", \"Dog\", \"Dog\", \"Dog\", \"Dog\", \"Dog\", \"Dog\", \"Cat\", \n\"Dog\", \"Cat\", \"Dog\", \"Cat\", \"Dog\", \"Dog\", \"Cat\", \"Cat\", \"Cat\", \n\"Dog\", \"Dog\", \"Cat\", \"Dog\", \"Cat\", \"Dog\", \"Dog\", \"Dog\", \"Dog\", \n\"Cat\", \"Dog\", \"Dog\", \"Dog\", \"Dog\", \"Dog\", \"Dog\", \"Dog\", \"Dog\", \n\"Dog\", \"Dog\", \"Dog\", \"Dog\", \"Dog\", \"Cat\", \"Dog\", \"Dog\", \"Dog\", \n\"Dog\", \"Dog\", \"Dog\", \"Cat\", \"Dog\", \"Dog\", \"Dog\", \"Dog\", \"Dog\", \n\"Dog\", \"Cat\", \"Dog\", \"Dog\", \"Dog\", \"Dog\", \"Dog\", \"Dog\", \"Dog\", \n\"Cat\", \"Dog\", \"Dog\", \"Dog\", \"Dog\", \"Cat\", \"Dog\", \"Dog\", \"Cat\", \n\"Cat\", \"Dog\", \"Dog\", \"Dog\", \"Dog\", \"Dog\", \"Other\", \"Other\", \"Cat\", \n\"Dog\", \"Dog\", \"Dog\", \"Dog\", \"Dog\", \"Dog\", \"Dog\", \"Dog\", \"Dog\", \n\"Dog\", \"Cat\", \"Cat\", \"Dog\", \"Dog\", \"Dog\", \"Dog\"), Pets = c(1L, \n1L, 1L, 0L, 0L, 2L, 1L, 1L, 2L, 0L, 1L, 1L, 0L, 0L, 0L, 1L, 1L, \n0L, 0L, 1L, 2L, 4L, 1L, 4L, 1L, 1L, 1L, 2L, 3L, 0L, 2L, 1L, 0L, \n2L, 1L, 2L, 1L, 3L, 1L, 2L, 1L, 2L, 6L, 3L, 1L, 1L, 1L, 0L, 1L, \n1L, 1L, 0L, 0L, 2L, 8L, 1L, 2L, 1L, 0L, 0L, 3L, 2L, 0L, 1L, 1L, \n4L, 0L, 1L, 2L, 1L, 3L, 1L, 0L, 0L, 2L, 1L, 1L, 1L, 0L, 1L, 2L, \n1L, 2L, 1L, 1L, 1L, 2L, 0L, 1L, 0L, 2L, 1L, 4L, 3L, 1L, 0L, 2L, \n1L, 1L, 0L, 2L, 2L, 2L, 3L, 3L, 2L, 0L, 2L, 2L, 1L, 0L, 2L, 1L, \n1L, 7L, 0L, 1L, 0L, 0L, 0L, 0L, 1L, 1L, 3L, 2L, 1L, 1L, 1L, 1L, \n0L, 0L, 0L, 1L, 1L, 1L, 0L), Gender = c(\"Female\", \"Female\", \"Male\", \n\"Male\", \"Female\", \"Female\", \"Female\", \"Male\", \"Female\", \"Female\", \n\"Female\", \"Female\", \"Male\", \"Female\", \"Female\", \"Female\", \"Female\", \n\"Female\", \"Male\", \"Female\", \"Female\", \"Female\", \"Female\", \"Female\", \n\"Male\", \"Female\", \"Female\", \"Male\", NA, \"Male\", \"Male\", \"Female\", \n\"Female\", \"Female\", \"Female\", \"Female\", \"Male\", \"Female\", \"Female\", \n\"Female\", \"Male\", \"Female\", \"Female\", \"Female\", \"Female\", \"Female\", \n\"Female\", \"Male\", \"Female\", \"Female\", \"Female\", \"Female\", NA, \n\"Female\", \"Female\", \"Female\", \"Female\", \"Female\", \"Female\", \"Female\", \n\"Male\", \"Male\", \"Male\", \"Female\", NA, \"Female\", \"Female\", \"Female\", \n\"Male\", \"Female\", \"Female\", \"Male\", \"Male\", \"Female\", \"Male\", \n\"Female\", \"Female\", \"Female\", \"Female\", \"Male\", \"Male\", \"Female\", \n\"Female\", \"Female\", \"Male\", \"Female\", \"Female\", \"Male\", \"Female\", \n\"Female\", \"Female\", \"Male\", \"Female\", \"Female\", \"Male\", \"Female\", \n\"Female\", \"Male\", \"Female\", \"Female\", \"Female\", \"Female\", \"Male\", \n\"Female\", \"Male\", \"Female\", \"Male\", \"Male\", \"Male\", \"Female\", \n\"Male\", \"Male\", \"Female\", \"Female\", \"Male\", \"Female\", \"Female\", \n\"Female\", \"Female\", \"Female\", \"Female\", \"Male\", \"Female\", \"Female\", \n\"Female\", \"Female\", \"Male\", \"Female\", \"Female\", \"Female\", \"Female\", \n\"Male\", \"Female\", \"Male\", \"Female\", \"Male\"), Browser = c(\"Safari\", \n\"Chrome\", \"Chrome\", \"Safari\", \"Safari\", \"Chrome\", \"Chrome\", \"Chrome\", \n\"Chrome\", \"Safari\", \"Chrome\", \"Chrome\", \"Chrome\", \"Chrome\", \"Chrome\", \n\"Edge\", \"Chrome\", \"Chrome\", \"Chrome\", \"Chrome\", \"Chrome\", \"Chrome\", \n\"Safari\", \"Safari\", \"Firefox\", \"Chrome\", \"Chrome\", \"Safari\", \n\"Chrome\", \"Chrome\", \"Safari\", \"Chrome\", \"Chrome\", \"Chrome\", \"Chrome\", \n\"Safari\", \"Chrome\", \"Chrome\", \"Safari\", \"Safari\", \"Chrome\", \"Safari\", \n\"Safari\", \"Safari\", \"Chrome\", \"Safari\", \"Chrome\", \"Firefox\", \n\"Safari\", \"Chrome\", \"Safari\", \"Chrome\", \"Safari\", \"Chrome\", \"Chrome\", \n\"Safari\", \"Safari\", \"Safari\", \"Chrome\", \"Chrome\", \"Chrome\", \"Chrome\", \n\"Chrome\", \"Chrome\", \"Chrome\", \"Chrome\", \"Chrome\", \"Chrome\", \"Other\", \n\"Chrome\", \"Safari\", \"Chrome\", \"Chrome\", \"Chrome\", \"Chrome\", \"Safari\", \n\"Chrome\", \"Safari\", \"Chrome\", \"Chrome\", \"Chrome\", \"Safari\", \"Chrome\", \n\"Chrome\", \"Chrome\", \"Chrome\", \"Chrome\", \"Other\", \"Chrome\", \"Safari\", \n\"Chrome\", \"Chrome\", \"Chrome\", \"Safari\", \"Edge\", \"Chrome\", \"Chrome\", \n\"Safari\", \"Safari\", \"Chrome\", \"Safari\", \"Safari\", \"Edge\", \"Safari\", \n\"Chrome\", \"Chrome\", \"Other\", \"Firefox\", \"Chrome\", \"Chrome\", \"Chrome\", \n\"Chrome\", \"Chrome\", \"Chrome\", \"Safari\", \"Chrome\", \"Chrome\", \"Safari\", \n\"Safari\", \"Chrome\", \"Chrome\", \"Safari\", \"Chrome\", \"Safari\", \"Safari\", \n\"Chrome\", \"Chrome\", \"Chrome\", \"Chrome\", \"Chrome\", \"Chrome\", \"Chrome\", \n\"Chrome\", \"Chrome\", \"Edge\", \"Chrome\"), Shoes = c(8L, 10L, 4L, \n7L, 25L, 30L, 8L, 9L, 17L, 11L, 30L, NA, 6L, 10L, 12L, 12L, 10L, \n8L, 6L, 10L, 8L, NA, 4L, 12L, 3L, 10L, 20L, 6L, 8L, 6L, 11L, \n11L, 13L, 10L, 6L, 5L, 12L, 6L, 10L, 5L, 5L, 23L, 15L, 20L, 8L, \n10L, 8L, 5L, 20L, 10L, 8L, 7L, 13L, 8L, 5L, 6L, 15L, 6L, 17L, \n4L, 9L, 10L, 3L, 25L, 15L, 4L, NA, 13L, 5L, 5L, 6L, 8L, 8L, 10L, \n18L, 12L, 20L, 35L, 10L, 3L, 4L, 4L, 21L, 15L, 2L, 6L, 15L, 5L, \n6L, 9L, 8L, 3L, 7L, 10L, 4L, 20L, 6L, 20L, 9L, 10L, 15L, 8L, \n9L, 10L, 8L, 8L, 3L, 2L, 3L, 10L, 3L, 5L, 5L, 14L, 4L, 9L, 10L, \n6L, 6L, 9L, 9L, 5L, 6L, 7L, 10L, 15L, 8L, 20L, 20L, 7L, NA, 5L, \n71L, 18L, 5L, 10L), Height = c(62L, 62L, 70L, 72L, 66L, 70L, \n64L, 69L, 64L, 67L, 61L, 64L, 73L, 66L, 63L, 67L, 65L, 64L, 75L, \n61L, 66L, 61L, NA, NA, 70L, 66L, 62L, 66L, 64L, 65L, 68L, 65L, \n65L, 66L, 65L, NA, 70L, 60L, 63L, 70L, 74L, 63L, 64L, 68L, 68L, \n64L, 61L, 70L, 62L, 67L, 64L, 61L, 70L, 64L, 65L, NA, NA, 69L, \n65L, 66L, 71L, 72L, 69L, 70L, 64L, 67L, 63L, 66L, 71L, 64L, 63L, \n70L, 72L, 69L, 72L, 60L, 68L, 62L, 67L, 67L, 72L, 65L, 65L, 66L, \n70L, 66L, 63L, 66L, 65L, 63L, 63L, 67L, 69L, 65L, 72L, 65L, 67L, \nNA, 65L, 64L, 63L, 61L, 68L, 63L, 72L, 62L, 73L, 69L, 71L, 68L, \n73L, 73L, 63L, 68L, 63L, 67L, 62L, 65L, 65L, 63L, 61L, 63L, 66L, \n63L, 62L, 64L, 64L, 66L, 63L, 63L, NA, 69L, 63L, 73L, 60L, 72L\n), MO_Height = c(62L, 64L, 64L, 64L, 66L, 65L, 62L, 65L, 64L, \n65L, 64L, 66L, 64L, 64L, 61L, 67L, 69L, 67L, 67L, 59L, 66L, NA, \nNA, NA, 65L, 65L, 67L, 60L, 65L, 60L, 67L, 62L, 65L, 66L, 64L, \nNA, 62L, 62L, 64L, 66L, 68L, 60L, 61L, 65L, 66L, 61L, 64L, 65L, \n62L, 63L, 65L, 59L, 69L, 62L, 63L, NA, NA, 68L, 68L, 65L, 61L, \n67L, 62L, 68L, 64L, NA, 67L, 66L, 64L, 62L, 67L, 64L, 60L, 67L, \n65L, 60L, 66L, 63L, 66L, 59L, 65L, NA, 68L, 65L, 61L, 67L, 65L, \n64L, 65L, 65L, 62L, 59L, 64L, 64L, 67L, 67L, 69L, NA, 65L, 62L, \n68L, 64L, 65L, 61L, 67L, 64L, 68L, NA, 65L, 64L, NA, NA, 61L, \n65L, 60L, 65L, 59L, 64L, 64L, 63L, 59L, 54L, 67L, 65L, 65L, 65L, \n63L, 62L, 61L, 64L, NA, 67L, 65L, 66L, 63L, 63L), FA_Height = c(70L, \n67L, 66L, 69L, 70L, 76L, 69L, 70L, 70L, 74L, 69L, 74L, 68L, 67L, \n68L, 72L, 74L, 70L, 72L, 74L, 74L, NA, NA, NA, 71L, 76L, 71L, \n64L, 73L, 69L, 70L, 70L, 71L, 70L, 64L, NA, 68L, 67L, 69L, 73L, \n60L, 70L, 68L, 62L, 71L, 68L, 69L, 69L, 70L, 71L, 71L, 65L, 67L, \n68L, 67L, NA, NA, 71L, 71L, 73L, 65L, 67L, 68L, 76L, 70L, NA, \n70L, 72L, 64L, 71L, 70L, 72L, 74L, 70L, 70L, NA, 67L, 70L, 70L, \n67L, 75L, 70L, 71L, 71L, 72L, 62L, 74L, 65L, 72L, 70L, 69L, 67L, \n71L, 67L, 70L, 74L, 71L, NA, 73L, 71L, 71L, 68L, 68L, NA, 72L, \n67L, 70L, NA, 72L, 78L, NA, NA, 65L, 69L, 65L, 69L, 66L, 64L, \n64L, 68L, 70L, 58L, 71L, 71L, 67L, 71L, 69L, 71L, 70L, 71L, NA, \n68L, 74L, 68L, 65L, 70L), Arrival = c(7L, 150L, 10L, 25L, 11L, \n10L, 15L, 8L, NA, 4L, 20L, 15L, 5L, 10L, 15L, 10L, 10L, 15L, \nNA, 7L, 10L, NA, 7L, 15L, 5L, 17L, 15L, 15L, 6L, 10L, 10L, 10L, \n12L, 10L, NA, 15L, 10L, 5L, 5L, 5L, 10L, 20L, 9L, 10L, 7L, 6L, \n10L, 30L, 10L, 10L, 7L, 9L, 10L, 16L, NA, 10L, 9L, 8L, 7L, 20L, \n4L, 30L, 15L, 5L, 10L, 15L, 5L, 10L, 15L, 15L, 10L, 9L, 8L, 7L, \n10L, 15L, 7L, 13L, 25L, 20L, 7L, 10L, 5L, 10L, 10L, 5L, 10L, \n9L, 10L, 15L, 9L, 20L, 13L, 10L, 7L, 3L, NA, 10L, 7L, 10L, 8L, \n8L, 15L, 5L, 10L, 10L, 10L, 30L, 10L, 5L, 10L, 13L, 8L, 10L, \nNA, 10L, 10L, 8L, 8L, NA, 12L, 3L, 6L, 10L, 10L, 10L, 10L, 7L, \n15L, 15L, 60L, 7L, 15L, 6L, 15L, 10L), Sleep = c(9.5, 9, 8, 7.5, \n5.5, 7, 8, 4, 8, 8, 8.5, 6.5, 5, 5, 7.5, 8.5, 7, 7.5, 6, 8, 6.5, \n8, 5.5, 6, 8, 7.5, 8.5, 6, 5.5, 8, 7, 6.5, 8, 6.5, 7.5, 6, 6, \n8.5, 7, 7, 8, 9, 6, 8, 8, 6, 6.5, 10, 7, 10, 10, 6, 7, 9, 8.5, \nNA, 7, 8, 7.5, 7.5, 6.5, 8, 8, 9, 5, 6, 7.5, 8, 7, 8, 9, 6, 8, \n9, 7, 7, 8, 6, 8, 6, 8, 9, 10, 7.5, 7, 8, 8, 7, 8, 5, 8, 6, 7.5, \n7, 8, 7.5, 3, 8, 7, 7, 6, 7.5, 7.5, 8.5, 4, 8, 7, 9, 7, 5, 9, \n8, 7, 8.5, 8, 8, 8, 8, 8, 5, 5.5, 6, 8, 6.5, 9.5, 8, 8, 8, 8, \n5, 6, 8, 8, 9, 8, 6.5), Number = c(3L, 7L, 7L, 4L, 1L, 7L, 4L, \n2L, 4L, 3L, 7L, 6L, 4L, 8L, 8L, 4L, 4L, 7L, 7L, 8L, 2L, 10L, \n6L, 3L, 3L, 6L, 6L, 7L, 4L, 7L, 7L, 4L, 9L, 7L, 7L, 5L, 2L, 4L, \n9L, 4L, 1L, 2L, 8L, 3L, 2L, 2L, 8L, 3L, 5L, 6L, 3L, 3L, 3L, 6L, \n8L, 1L, 7L, 8L, 7L, 4L, 5L, 9L, 3L, 8L, 8L, 8L, 7L, 2L, 7L, 8L, \n6L, 10L, 7L, 9L, 7L, 4L, 5L, 7L, 2L, 2L, 2L, 3L, 7L, 3L, 10L, \n10L, 7L, 5L, 6L, 8L, 7L, 2L, 7L, 8L, 8L, 7L, 9L, 1L, 2L, 5L, \n7L, 5L, 7L, 3L, 6L, 10L, 4L, 3L, 7L, 4L, 7L, 4L, 5L, 2L, 7L, \n5L, 6L, 5L, 5L, 7L, 8L, 7L, 4L, 8L, 5L, 5L, 3L, 2L, 4L, 7L, 7L, \n5L, 4L, 4L, 7L, 7L), Hand = c(\"Right\", \"Right\", \"Right\", \"Right\", \n\"Right\", \"Right\", \"Right\", \"Right\", \"Right\", \"Right\", \"Right\", \n\"Right\", \"Right\", \"Right\", \"Right\", \"Right\", \"Right\", \"Right\", \n\"Right\", \"Right\", \"Right\", \"Right\", \"Right\", \"Right\", \"Ambidextrous\", \n\"Right\", \"Right\", \"Right\", \"Left\", \"Right\", \"Right\", \"Left\", \n\"Right\", \"Right\", \"Right\", \"Right\", \"Left\", \"Right\", \"Right\", \n\"Right\", \"Right\", \"Left\", \"Right\", \"Right\", \"Right\", \"Right\", \n\"Right\", \"Right\", \"Right\", \"Right\", \"Right\", \"Left\", \"Right\", \n\"Right\", \"Right\", \"Left\", \"Right\", \"Right\", \"Left\", \"Right\", \n\"Right\", \"Right\", \"Right\", \"Right\", \"Right\", \"Right\", \"Right\", \n\"Right\", \"Right\", \"Right\", \"Right\", \"Left\", \"Right\", \"Right\", \n\"Ambidextrous\", \"Right\", \"Right\", \"Right\", \"Right\", \"Right\", \n\"Right\", \"Right\", \"Right\", \"Right\", \"Right\", \"Right\", \"Right\", \n\"Left\", \"Right\", \"Right\", \"Right\", \"Right\", \"Right\", \"Right\", \n\"Right\", \"Right\", NA, \"Right\", \"Right\", \"Right\", \"Right\", \"Right\", \n\"Right\", \"Right\", \"Right\", \"Right\", \"Right\", \"Right\", \"Right\", \n\"Right\", \"Right\", \"Right\", \"Right\", \"Right\", \"Left\", \"Right\", \n\"Right\", \"Right\", \"Right\", \"Right\", \"Right\", \"Right\", \"Right\", \n\"Right\", \"Right\", \"Right\", \"Right\", \"Right\", \"Right\", \"Right\", \n\"Right\", \"Right\", \"Right\", \"Right\", \"Right\", \"Ambidextrous\"), \n    Credit = c(9, 16, 17, 4, 16, 16, 16, 16, 16, 16, 16, 18, \n    16, 15, 17, 18, 17, 15, 14, 15, 16, 17, 16, 16, 18, 16, 15, \n    16, 17, 17, 16, 15, 15, 16, 15, 15, 15, 18, 16, 16, 12, 16, \n    16, 14, 12, 16, 17, 13, 15, 17, 15, 15, 17, 16, NA, 16, 14, \n    16, 15, 15, 18, 9, 13, 16, 13, 14, 17, 16, 14, 15, 18, 15, \n    14, 16, 18, 17, 16, 16, 17, 7, 18, 15, 15, 15, 15, 15, 17, \n    17, 16, 16, 15, 6, 15, 18, 15, 15, 18, 15, 15, 17, 13, 15, \n    16, 15, 18, 12, 17, 18, 16, 18, 15, 13, 12, 18, 16, 18, 15, \n    14, 14, 12, 14.5, 15, 15, 16, 16, 16, 16, 15, 16, 17, 16, \n    14, 15, 16, 16, 15.5)), class = \"data.frame\", row.names = c(NA, \n-136L))\nSURVEY<-na.omit(Survey_Data)\n\n```\n\n::: {.hidden}\n\\let\\OldTexttt\\texttt\n\\renewcommand{\\txt}[1]{\\OldTexttt{\\color{brown}{#1}}}\n:::\n\n\n\nWe finalize our discussion of bivariate data analysis. In particular, we focus on **linear regression** analysis using the $\\txt{survey dataset}$ with continuous variables that we discussed earlier.\n\n## Beginning Semester Survey Data\n\nThe original data contains 136 observations and 15 variables. But, we omit the observations with a missing value, so the final data dimension becomes $108\\times 15$.\n\n```{r,eval=FALSE}\n01. Sports:    What is your favorite professional sport? \n02. States:    How many states in the US have you traveled to? \n03. Cat_Dog:   Are you more of a cat person or a dog person? \n04. Pets:      What is the number of pets you and your family currently have? \n05. Gender:    What is your gender? \n06. Browser:   What is your preferred internet browser? \n07. Shoes:     How many pairs of shoes do you have? \n08. Height:    How tall are you (inch)? \n09. MO_Height: What is your mothers height (inch)? \n10. FA_Height: What is your fathers height (inch)? \n11. Arrival:   How many minutes does it take for you to reach the recitation classroom from your residence? \n12. Sleep:     How many HOURS did you sleep last night, to the nearest half-hour? \n13. Number:    What is your favorite whole number between 1 and 10? \n14. Hand:      Are you right- or left-handed? \n15. Credit:    How many credits are you taking this semester? \n```\n\nNote that the survey dataset is recorded in $\\txt{SURVEY}$.\n\n```{webr-r}\n## Variable names\nnames(SURVEY)\n## Data dimension\ndim(SURVEY)\n```\n\n## Heights relationship between parents and children\n\nDo you believe your height is inherited from your father or mother? If your answer is YES, it might make sense to predict a child's height based on one parent's height using linear regression. Let’s explore this idea through the survey dataset.\n\nOur first step is to examine the correlation and scatter plots. We'll create these for the mother’s height ($\\txt{MO\\_Height}$) and father’s height ($\\txt{FA\\_Height}$) variables, respectively.\n\n```{webr-r}\n## In this lab, the data is not \"attached\"\n## So, we use the \"$\" operator to select variables\ncor(SURVEY$Height,SURVEY$MO_Height)\nplot(SURVEY$Height,SURVEY$MO_Height)\n## Please try the same operations with Height and FA_Height\n\n\n```\n\nDo you believe the variables demonstrate a sufficient level of linear association to justify proceeding with linear regression? Based on the results, the answer appears to be **“NO.”** In general, as a common rule of thumb, a moderately strong correlation — around $\\pm0.7$, or at least $\\pm0.6$ — is recommended. (Note that the threshold depends heavily on the nature of the data, e.g., observational vs. experimental, and the field of study, e.g., natural science vs. social science.)\n\nSo, should we stop our analysis here?\n\n## Searching for the relationship within subsets.\n\nThis type of issue is commonly encountered in data analysis. However, we can still move forward by identifying meaningful relationships within specific subsets. In this lab, we will use the $\\txt{subset()}$ function to accomplish this.\n\n### Example: Subsetting with $\\txt{subset()}$\n\nThe $\\txt{subset()}$ function takes three arguments: the first is the dataset to subset, the second is the condition for selecting observations (rows in data table), and the third specifies the variables (columns in data table) to retain. For example,\n\n```{webr-r}\n## Keep all the variables with the observations with Shoes>20\nprint(Subset1<-subset(SURVEY,Shoes>20))\n## Checking the dimension\ndim(Subset1)\n## Keep two variables, Pets and Height, \n## with the observations with Shoes>20 \nprint(Subset2<-subset(SURVEY,Shoes>20,c(\"Pets\",\"Height\")))\n## Checking the dimension\ndim(Subset2)\n```\n\nNow, let us subset our data for further regression analysis. A common way of subsetting is by using the gender variable. So,\n\n```{webr-r}\n## Female Survey dataset\nFSV<-subset(SURVEY,Gender==\"Female\",c(\"Height\",\"MO_Height\",\"FA_Height\"))\n## Male Survey dataset\nMSV<-subset(SURVEY,Gender==\"Male\",c(\"Height\",\"MO_Height\",\"FA_Height\"))\n## Checking the dimensions\ndim(FSV);dim(MSV)\n```\n\nThen, let us check the correlations for two datasets.\n\n```{webr-r}\n## For the female sub-group\ncor(FSV$Height,FSV$MO_Height)\ncor(FSV$Height,FSV$FA_Height)\n## Try it for the male sub-group\n\n\n```\n\nBased on the result, we can confirm a reasonable level of correlation between $\\texttt{Height}$ and $\\texttt{MO\\_Height}$ within the male group. So, let us use it for the linear regression analysis.\n\n## Regression analysis with the $\\texttt{lm()}$ built-in function\n\nIn the previous lab, we manually calculated the regression coefficients using the formulas. While that approach worked as intended, it’s not practical to repeat it every time. Here, we’ll use the built-in $\\txt{lm()}$ function for convenience. With $\\txt{lm()}$, we use a \"tilde\" to link the response variable ($\\txt{Height}$) with the explanatory variable ($\\txt{MO\\_Height}$) within the male group.\n\n```{webr-r}\n## Regression coefficients\nprint(Reg1 <- lm(Height~MO_Height,data=MSV))\n```\n\nIn fact, the $\\txt{lm()}$ function provides much more information when used with the $\\txt{summary()}$ function. While most of these details are beyond the scope of this class, we can identify the coefficient of determination ($\\mathbf{R}^2$) — which is 0.3926 in this case — from the \"Multiple R-squared\" value in the summary.\n```{webr-r}\n## Regression summary\nsummary(Reg1)\n```\nPlease recall that it represents the proportion of variation in a student's height explained by the mother's height through the regression analysis. Currently, the R-squared value is not particularly high, indicating that the model’s predictive power is fairly limited. (This is still a common situation with observational data when it is not collected from a controlled lab study.)\n\nWhat if we use both the mother’s height ($\\txt{MO\\_Height}$) and the father’s height ($\\txt{FA\\_Height}$) for prediction? This approach is known as **multiple regression analysis**. Even though we didn't learn this procedure in class, it can be easily implemented as follows:\n\n```{webr-r}\nprint(Reg2 <- lm(Height~MO_Height+FA_Height,data=MSV))\n## Regression summary\nsummary(Reg2)\n```\nNote that we can increase $\\mathbf{R}^2$, but the change is not too much.\nLastly, let’s make predictions. Since we are using data from male students, all interpretations should be limited to this subset.\n\n```{webr-r}\n## Prediction of a \"male\" student height when his mother's height is 68.\nnew.obs1<-data.frame(MO_Height=68)\npredict(Reg1,newdata=new.obs1)\n## Prediction of a \"male\" student height when his mother's height is 68 and father's height is 70.\nnew.obs2<-data.frame(MO_Height=68,FA_Height=70)\npredict(Reg2,newdata=new.obs2)\n\n```\n\n## Lab Questions\n\n```{webr-r}\n#| context: setup\n\nMammal<-structure(list(name = c(\"Arctic fox\", \"Owl monkey\", \"Mountain beaver\", \n\"Cow\", \"Grey wolf\", \"Goat\", \"Roe deer\", \"Guinea pig\", \"Verbet\", \n\"Chinchilla\", \"Ground squirrel\", \"Arctic ground squirrel\", \"African giant pouched rat\", \n\"Lesser short-tailed shrew\", \"Star-nosed mole\", \"Nine-banded armadillo\", \n\"Tree hyrax\", \"N.A. opossum\", \"Asian elephant\", \"Big brown bat\", \n\"Donkey\", \"Horse\", \"European hedgehog\", \"Patas monkey\", \"Cat\", \n\"Galago\", \"Genet\", \"Giraffe\", \"Gorilla\", \"Grey seal\", \"Rock hyrax-a\", \n\"Human\", \"African elephant\", \"Water opossum\", \"Rhesus monkey\", \n\"Kangaroo\", \"Yellow-bellied marmot\", \"Golden hamster\", \"Mouse\", \n\"Little brown bat\", \"Slow loris\", \"Okapi\", \"Rabbit\", \"Sheep\", \n\"Jaguar\", \"Chimpanzee\", \"Baboon\", \"Desert hedgehog\", \"Giant armadillo\", \n\"Rock hyrax-b\", \"Raccoon\", \"Rat\", \"E. American mole\", \"Mole rat\", \n\"Musk shrew\", \"Pig\", \"Echidna\", \"Brazilian tapir\", \"Tenrec\", \n\"Phalanger\", \"Tree shrew\", \"Red fox\"), body_mass_kg = c(3.38, \n0.48, 1.35, 465, 36.33, 27.66, 14.83, 1.04, 4.19, 0.42, 0.1, \n0.92, 1, 0.01, 0.06, 3.5, 2, 1.7, 2547, 0.02, 187.1, 521, 0.79, \n10, 3.3, 0.2, 1.41, 529, 207, 85, 0.75, 62, 6654, 3.5, 6.8, 35, \n4.05, 0.12, 0.02, 0.01, 1.4, 250, 2.5, 55.5, 100, 52.16, 10.55, \n0.55, 60, 3.6, 4.29, 0.28, 0.07, 0.12, 0.05, 192, 3, 160, 0.9, \n1.62, 0.1, 4.24), brain_mass_g = c(44.5, 15.5, 8.1, 423, 119.5, \n115, 98.2, 5.5, 58, 6.4, 4, 5.7, 6.6, 0.14, 1, 10.8, 12.3, 6.3, \n4603, 0.3, 419, 655, 3.5, 115, 25.6, 5, 17.5, 680, 406, 325, \n12.3, 1320, 5712, 3.9, 179, 56, 17, 1, 0.4, 0.25, 12.5, 490, \n12.1, 175, 157, 440, 179.5, 2.4, 81, 21, 39.2, 1.9, 1.2, 3, 0.33, \n180, 25, 169, 2.6, 11.4, 2.5, 50.4)), \nrow.names = c(NA, -62L), \nclass = c(\"spec_tbl_df\", \n\"tbl_df\", \"tbl\", \"data.frame\"))\n```\n\nLarger animals tend to have larger brains, but is the increase in brain size proportional to the increase in body size? Allison and Cicchetti (1976) compiled data on the body and brain sizes of 62 mammal species, available in the dataset $\\txt{Mammal}$. This dataset includes columns for the species name, average body mass (in kg), and average brain size (in g). Since both variables are highly right-skewed, we apply a log transformation for analysis.\n\n```{webr-r}\n## Check data\nMammal\n## Transform\nDATA<-log(Mammal[,2:3])\ncolnames(DATA)<-c(\"LM.Body\",\"LM.Brain\")\nplot(DATA$LM.Body,DATA$LM.Brain)\n```\n\n1.  Calculate the correlation between the log body mass and log brain size.\n\n```{webr-r}\n\n```\n\n2.  Perform the linear regression analysis for log brain size based on the log average body mass, using the $\\texttt{lm()}$ function.\n\n```{webr-r}\n\n```\n\n3.  Predict the log of brain size when the log of body mass is 3.12 (approximately 50 lb).\n\n```{webr-r}\nnew.obs<-data.frame(LM.Body=3.12)\n\n```\n\n\n**Click [HERE](https://coursesite.lehigh.edu/mod/quiz/view.php?id=5956215){target=\"_blank\"} to submit your answers.**\n","srcMarkdownNoYaml":"\n\n```{webr-r}\n#| context: setup\n\n\n\nSurvey_Data<-structure(list(Sports = c(\"MLB\", \"NFL\", \"NHL\", \"Other\", \"NBA\", \n\"NHL\", \"NBA\", \"NFL\", \"NBA\", \"MLB\", \"NHL\", \"Other\", \"NBA\", \"Other\", \n\"NBA\", \"MLB\", \"NBA\", \"NFL\", \"MLB\", \"NFL\", \"NBA\", \"Other\", \"MLB\", \n\"Other\", \"Other\", \"NFL\", \"NFL\", \"NFL\", \"NHL\", \"Other\", \"NFL\", \n\"Other\", \"MLB\", \"NBA\", \"MLB\", \"NBA\", \"NBA\", \"Other\", \"NHL\", \"MLB\", \n\"NFL\", \"Other\", \"NFL\", \"NBA\", \"NFL\", \"Other\", \"NFL\", \"Other\", \n\"MLB\", \"NFL\", \"NFL\", \"Other\", \"NBA\", \"MLB\", \"Other\", \"NBA\", \"Other\", \n\"Other\", \"NBA\", \"Other\", \"NHL\", \"NBA\", \"NFL\", \"NFL\", \"Other\", \n\"Other\", \"MLB\", \"NFL\", \"NBA\", \"NBA\", \"Other\", \"NBA\", \"NBA\", \"NHL\", \n\"Other\", \"NFL\", \"Other\", \"NFL\", \"NFL\", \"NBA\", \"NBA\", \"Other\", \n\"NHL\", \"NFL\", \"MLB\", \"NBA\", \"NFL\", \"Other\", \"NHL\", \"MLB\", \"NHL\", \n\"NBA\", \"NHL\", \"Other\", \"Other\", \"NFL\", \"NBA\", \"NBA\", \"MLB\", \"MLB\", \n\"NHL\", \"MLB\", \"NBA\", \"NFL\", \"NFL\", \"NFL\", \"Other\", \"Other\", \"Other\", \n\"Other\", \"NBA\", \"Other\", \"NFL\", \"NBA\", \"NHL\", \"Other\", \"MLB\", \n\"NFL\", \"NBA\", \"Other\", \"NFL\", \"NBA\", \"NFL\", \"Other\", \"Other\", \n\"NFL\", \"NFL\", \"NBA\", \"NBA\", \"NFL\", \"Other\", \"NBA\", \"NBA\", \"NFL\", \n\"MLB\", \"NHL\"), States = c(23L, 20L, 3L, 9L, 11L, 20L, 15L, 13L, \n20L, 15L, 10L, 15L, 12L, 6L, 16L, 17L, 20L, 9L, 15L, 17L, 12L, \n7L, 12L, 9L, 14L, 15L, 6L, 18L, 17L, 15L, 5L, 10L, 16L, 27L, \n13L, 15L, 30L, 5L, 15L, 14L, 13L, NA, 30L, 18L, 23L, 8L, 18L, \n20L, 18L, 15L, 14L, 16L, 24L, 13L, 28L, 3L, 13L, 19L, 18L, 7L, \n36L, 3L, 10L, 26L, 12L, 8L, 18L, 10L, 6L, 18L, 18L, 20L, 20L, \n10L, 26L, 5L, 8L, 7L, 20L, 6L, 22L, 10L, 15L, 15L, 25L, 5L, 12L, \n5L, 10L, 11L, 4L, 6L, 9L, 7L, 5L, 10L, 15L, 14L, 19L, 15L, 12L, \n11L, 3L, 6L, 15L, 6L, 15L, 5L, 12L, 13L, 4L, 1L, 15L, 35L, 8L, \n9L, 17L, 5L, 5L, 8L, 3L, 2L, 10L, 15L, 17L, 12L, 13L, 5L, 12L, \n15L, 2L, 8L, 13L, 27L, 1L, 16L), Cat_Dog = c(\"Dog\", \"Dog\", \"Dog\", \n\"Cat\", \"Dog\", \"Cat\", \"Dog\", \"Dog\", \"Dog\", \"Dog\", \"Dog\", \"Dog\", \n\"Other\", \"Cat\", \"Dog\", \"Cat\", \"Dog\", \"Dog\", \"Dog\", \"Dog\", \"Dog\", \n\"Dog\", \"Dog\", \"Dog\", \"Dog\", \"Dog\", \"Cat\", \"Dog\", \"Cat\", \"Dog\", \n\"Dog\", \"Other\", \"Dog\", \"Dog\", \"Dog\", \"Dog\", \"Cat\", \"Cat\", \"Dog\", \n\"Dog\", \"Dog\", \"Dog\", \"Dog\", \"Dog\", \"Dog\", \"Dog\", \"Dog\", \"Cat\", \n\"Dog\", \"Cat\", \"Dog\", \"Cat\", \"Dog\", \"Dog\", \"Cat\", \"Cat\", \"Cat\", \n\"Dog\", \"Dog\", \"Cat\", \"Dog\", \"Cat\", \"Dog\", \"Dog\", \"Dog\", \"Dog\", \n\"Cat\", \"Dog\", \"Dog\", \"Dog\", \"Dog\", \"Dog\", \"Dog\", \"Dog\", \"Dog\", \n\"Dog\", \"Dog\", \"Dog\", \"Dog\", \"Dog\", \"Cat\", \"Dog\", \"Dog\", \"Dog\", \n\"Dog\", \"Dog\", \"Dog\", \"Cat\", \"Dog\", \"Dog\", \"Dog\", \"Dog\", \"Dog\", \n\"Dog\", \"Cat\", \"Dog\", \"Dog\", \"Dog\", \"Dog\", \"Dog\", \"Dog\", \"Dog\", \n\"Cat\", \"Dog\", \"Dog\", \"Dog\", \"Dog\", \"Cat\", \"Dog\", \"Dog\", \"Cat\", \n\"Cat\", \"Dog\", \"Dog\", \"Dog\", \"Dog\", \"Dog\", \"Other\", \"Other\", \"Cat\", \n\"Dog\", \"Dog\", \"Dog\", \"Dog\", \"Dog\", \"Dog\", \"Dog\", \"Dog\", \"Dog\", \n\"Dog\", \"Cat\", \"Cat\", \"Dog\", \"Dog\", \"Dog\", \"Dog\"), Pets = c(1L, \n1L, 1L, 0L, 0L, 2L, 1L, 1L, 2L, 0L, 1L, 1L, 0L, 0L, 0L, 1L, 1L, \n0L, 0L, 1L, 2L, 4L, 1L, 4L, 1L, 1L, 1L, 2L, 3L, 0L, 2L, 1L, 0L, \n2L, 1L, 2L, 1L, 3L, 1L, 2L, 1L, 2L, 6L, 3L, 1L, 1L, 1L, 0L, 1L, \n1L, 1L, 0L, 0L, 2L, 8L, 1L, 2L, 1L, 0L, 0L, 3L, 2L, 0L, 1L, 1L, \n4L, 0L, 1L, 2L, 1L, 3L, 1L, 0L, 0L, 2L, 1L, 1L, 1L, 0L, 1L, 2L, \n1L, 2L, 1L, 1L, 1L, 2L, 0L, 1L, 0L, 2L, 1L, 4L, 3L, 1L, 0L, 2L, \n1L, 1L, 0L, 2L, 2L, 2L, 3L, 3L, 2L, 0L, 2L, 2L, 1L, 0L, 2L, 1L, \n1L, 7L, 0L, 1L, 0L, 0L, 0L, 0L, 1L, 1L, 3L, 2L, 1L, 1L, 1L, 1L, \n0L, 0L, 0L, 1L, 1L, 1L, 0L), Gender = c(\"Female\", \"Female\", \"Male\", \n\"Male\", \"Female\", \"Female\", \"Female\", \"Male\", \"Female\", \"Female\", \n\"Female\", \"Female\", \"Male\", \"Female\", \"Female\", \"Female\", \"Female\", \n\"Female\", \"Male\", \"Female\", \"Female\", \"Female\", \"Female\", \"Female\", \n\"Male\", \"Female\", \"Female\", \"Male\", NA, \"Male\", \"Male\", \"Female\", \n\"Female\", \"Female\", \"Female\", \"Female\", \"Male\", \"Female\", \"Female\", \n\"Female\", \"Male\", \"Female\", \"Female\", \"Female\", \"Female\", \"Female\", \n\"Female\", \"Male\", \"Female\", \"Female\", \"Female\", \"Female\", NA, \n\"Female\", \"Female\", \"Female\", \"Female\", \"Female\", \"Female\", \"Female\", \n\"Male\", \"Male\", \"Male\", \"Female\", NA, \"Female\", \"Female\", \"Female\", \n\"Male\", \"Female\", \"Female\", \"Male\", \"Male\", \"Female\", \"Male\", \n\"Female\", \"Female\", \"Female\", \"Female\", \"Male\", \"Male\", \"Female\", \n\"Female\", \"Female\", \"Male\", \"Female\", \"Female\", \"Male\", \"Female\", \n\"Female\", \"Female\", \"Male\", \"Female\", \"Female\", \"Male\", \"Female\", \n\"Female\", \"Male\", \"Female\", \"Female\", \"Female\", \"Female\", \"Male\", \n\"Female\", \"Male\", \"Female\", \"Male\", \"Male\", \"Male\", \"Female\", \n\"Male\", \"Male\", \"Female\", \"Female\", \"Male\", \"Female\", \"Female\", \n\"Female\", \"Female\", \"Female\", \"Female\", \"Male\", \"Female\", \"Female\", \n\"Female\", \"Female\", \"Male\", \"Female\", \"Female\", \"Female\", \"Female\", \n\"Male\", \"Female\", \"Male\", \"Female\", \"Male\"), Browser = c(\"Safari\", \n\"Chrome\", \"Chrome\", \"Safari\", \"Safari\", \"Chrome\", \"Chrome\", \"Chrome\", \n\"Chrome\", \"Safari\", \"Chrome\", \"Chrome\", \"Chrome\", \"Chrome\", \"Chrome\", \n\"Edge\", \"Chrome\", \"Chrome\", \"Chrome\", \"Chrome\", \"Chrome\", \"Chrome\", \n\"Safari\", \"Safari\", \"Firefox\", \"Chrome\", \"Chrome\", \"Safari\", \n\"Chrome\", \"Chrome\", \"Safari\", \"Chrome\", \"Chrome\", \"Chrome\", \"Chrome\", \n\"Safari\", \"Chrome\", \"Chrome\", \"Safari\", \"Safari\", \"Chrome\", \"Safari\", \n\"Safari\", \"Safari\", \"Chrome\", \"Safari\", \"Chrome\", \"Firefox\", \n\"Safari\", \"Chrome\", \"Safari\", \"Chrome\", \"Safari\", \"Chrome\", \"Chrome\", \n\"Safari\", \"Safari\", \"Safari\", \"Chrome\", \"Chrome\", \"Chrome\", \"Chrome\", \n\"Chrome\", \"Chrome\", \"Chrome\", \"Chrome\", \"Chrome\", \"Chrome\", \"Other\", \n\"Chrome\", \"Safari\", \"Chrome\", \"Chrome\", \"Chrome\", \"Chrome\", \"Safari\", \n\"Chrome\", \"Safari\", \"Chrome\", \"Chrome\", \"Chrome\", \"Safari\", \"Chrome\", \n\"Chrome\", \"Chrome\", \"Chrome\", \"Chrome\", \"Other\", \"Chrome\", \"Safari\", \n\"Chrome\", \"Chrome\", \"Chrome\", \"Safari\", \"Edge\", \"Chrome\", \"Chrome\", \n\"Safari\", \"Safari\", \"Chrome\", \"Safari\", \"Safari\", \"Edge\", \"Safari\", \n\"Chrome\", \"Chrome\", \"Other\", \"Firefox\", \"Chrome\", \"Chrome\", \"Chrome\", \n\"Chrome\", \"Chrome\", \"Chrome\", \"Safari\", \"Chrome\", \"Chrome\", \"Safari\", \n\"Safari\", \"Chrome\", \"Chrome\", \"Safari\", \"Chrome\", \"Safari\", \"Safari\", \n\"Chrome\", \"Chrome\", \"Chrome\", \"Chrome\", \"Chrome\", \"Chrome\", \"Chrome\", \n\"Chrome\", \"Chrome\", \"Edge\", \"Chrome\"), Shoes = c(8L, 10L, 4L, \n7L, 25L, 30L, 8L, 9L, 17L, 11L, 30L, NA, 6L, 10L, 12L, 12L, 10L, \n8L, 6L, 10L, 8L, NA, 4L, 12L, 3L, 10L, 20L, 6L, 8L, 6L, 11L, \n11L, 13L, 10L, 6L, 5L, 12L, 6L, 10L, 5L, 5L, 23L, 15L, 20L, 8L, \n10L, 8L, 5L, 20L, 10L, 8L, 7L, 13L, 8L, 5L, 6L, 15L, 6L, 17L, \n4L, 9L, 10L, 3L, 25L, 15L, 4L, NA, 13L, 5L, 5L, 6L, 8L, 8L, 10L, \n18L, 12L, 20L, 35L, 10L, 3L, 4L, 4L, 21L, 15L, 2L, 6L, 15L, 5L, \n6L, 9L, 8L, 3L, 7L, 10L, 4L, 20L, 6L, 20L, 9L, 10L, 15L, 8L, \n9L, 10L, 8L, 8L, 3L, 2L, 3L, 10L, 3L, 5L, 5L, 14L, 4L, 9L, 10L, \n6L, 6L, 9L, 9L, 5L, 6L, 7L, 10L, 15L, 8L, 20L, 20L, 7L, NA, 5L, \n71L, 18L, 5L, 10L), Height = c(62L, 62L, 70L, 72L, 66L, 70L, \n64L, 69L, 64L, 67L, 61L, 64L, 73L, 66L, 63L, 67L, 65L, 64L, 75L, \n61L, 66L, 61L, NA, NA, 70L, 66L, 62L, 66L, 64L, 65L, 68L, 65L, \n65L, 66L, 65L, NA, 70L, 60L, 63L, 70L, 74L, 63L, 64L, 68L, 68L, \n64L, 61L, 70L, 62L, 67L, 64L, 61L, 70L, 64L, 65L, NA, NA, 69L, \n65L, 66L, 71L, 72L, 69L, 70L, 64L, 67L, 63L, 66L, 71L, 64L, 63L, \n70L, 72L, 69L, 72L, 60L, 68L, 62L, 67L, 67L, 72L, 65L, 65L, 66L, \n70L, 66L, 63L, 66L, 65L, 63L, 63L, 67L, 69L, 65L, 72L, 65L, 67L, \nNA, 65L, 64L, 63L, 61L, 68L, 63L, 72L, 62L, 73L, 69L, 71L, 68L, \n73L, 73L, 63L, 68L, 63L, 67L, 62L, 65L, 65L, 63L, 61L, 63L, 66L, \n63L, 62L, 64L, 64L, 66L, 63L, 63L, NA, 69L, 63L, 73L, 60L, 72L\n), MO_Height = c(62L, 64L, 64L, 64L, 66L, 65L, 62L, 65L, 64L, \n65L, 64L, 66L, 64L, 64L, 61L, 67L, 69L, 67L, 67L, 59L, 66L, NA, \nNA, NA, 65L, 65L, 67L, 60L, 65L, 60L, 67L, 62L, 65L, 66L, 64L, \nNA, 62L, 62L, 64L, 66L, 68L, 60L, 61L, 65L, 66L, 61L, 64L, 65L, \n62L, 63L, 65L, 59L, 69L, 62L, 63L, NA, NA, 68L, 68L, 65L, 61L, \n67L, 62L, 68L, 64L, NA, 67L, 66L, 64L, 62L, 67L, 64L, 60L, 67L, \n65L, 60L, 66L, 63L, 66L, 59L, 65L, NA, 68L, 65L, 61L, 67L, 65L, \n64L, 65L, 65L, 62L, 59L, 64L, 64L, 67L, 67L, 69L, NA, 65L, 62L, \n68L, 64L, 65L, 61L, 67L, 64L, 68L, NA, 65L, 64L, NA, NA, 61L, \n65L, 60L, 65L, 59L, 64L, 64L, 63L, 59L, 54L, 67L, 65L, 65L, 65L, \n63L, 62L, 61L, 64L, NA, 67L, 65L, 66L, 63L, 63L), FA_Height = c(70L, \n67L, 66L, 69L, 70L, 76L, 69L, 70L, 70L, 74L, 69L, 74L, 68L, 67L, \n68L, 72L, 74L, 70L, 72L, 74L, 74L, NA, NA, NA, 71L, 76L, 71L, \n64L, 73L, 69L, 70L, 70L, 71L, 70L, 64L, NA, 68L, 67L, 69L, 73L, \n60L, 70L, 68L, 62L, 71L, 68L, 69L, 69L, 70L, 71L, 71L, 65L, 67L, \n68L, 67L, NA, NA, 71L, 71L, 73L, 65L, 67L, 68L, 76L, 70L, NA, \n70L, 72L, 64L, 71L, 70L, 72L, 74L, 70L, 70L, NA, 67L, 70L, 70L, \n67L, 75L, 70L, 71L, 71L, 72L, 62L, 74L, 65L, 72L, 70L, 69L, 67L, \n71L, 67L, 70L, 74L, 71L, NA, 73L, 71L, 71L, 68L, 68L, NA, 72L, \n67L, 70L, NA, 72L, 78L, NA, NA, 65L, 69L, 65L, 69L, 66L, 64L, \n64L, 68L, 70L, 58L, 71L, 71L, 67L, 71L, 69L, 71L, 70L, 71L, NA, \n68L, 74L, 68L, 65L, 70L), Arrival = c(7L, 150L, 10L, 25L, 11L, \n10L, 15L, 8L, NA, 4L, 20L, 15L, 5L, 10L, 15L, 10L, 10L, 15L, \nNA, 7L, 10L, NA, 7L, 15L, 5L, 17L, 15L, 15L, 6L, 10L, 10L, 10L, \n12L, 10L, NA, 15L, 10L, 5L, 5L, 5L, 10L, 20L, 9L, 10L, 7L, 6L, \n10L, 30L, 10L, 10L, 7L, 9L, 10L, 16L, NA, 10L, 9L, 8L, 7L, 20L, \n4L, 30L, 15L, 5L, 10L, 15L, 5L, 10L, 15L, 15L, 10L, 9L, 8L, 7L, \n10L, 15L, 7L, 13L, 25L, 20L, 7L, 10L, 5L, 10L, 10L, 5L, 10L, \n9L, 10L, 15L, 9L, 20L, 13L, 10L, 7L, 3L, NA, 10L, 7L, 10L, 8L, \n8L, 15L, 5L, 10L, 10L, 10L, 30L, 10L, 5L, 10L, 13L, 8L, 10L, \nNA, 10L, 10L, 8L, 8L, NA, 12L, 3L, 6L, 10L, 10L, 10L, 10L, 7L, \n15L, 15L, 60L, 7L, 15L, 6L, 15L, 10L), Sleep = c(9.5, 9, 8, 7.5, \n5.5, 7, 8, 4, 8, 8, 8.5, 6.5, 5, 5, 7.5, 8.5, 7, 7.5, 6, 8, 6.5, \n8, 5.5, 6, 8, 7.5, 8.5, 6, 5.5, 8, 7, 6.5, 8, 6.5, 7.5, 6, 6, \n8.5, 7, 7, 8, 9, 6, 8, 8, 6, 6.5, 10, 7, 10, 10, 6, 7, 9, 8.5, \nNA, 7, 8, 7.5, 7.5, 6.5, 8, 8, 9, 5, 6, 7.5, 8, 7, 8, 9, 6, 8, \n9, 7, 7, 8, 6, 8, 6, 8, 9, 10, 7.5, 7, 8, 8, 7, 8, 5, 8, 6, 7.5, \n7, 8, 7.5, 3, 8, 7, 7, 6, 7.5, 7.5, 8.5, 4, 8, 7, 9, 7, 5, 9, \n8, 7, 8.5, 8, 8, 8, 8, 8, 5, 5.5, 6, 8, 6.5, 9.5, 8, 8, 8, 8, \n5, 6, 8, 8, 9, 8, 6.5), Number = c(3L, 7L, 7L, 4L, 1L, 7L, 4L, \n2L, 4L, 3L, 7L, 6L, 4L, 8L, 8L, 4L, 4L, 7L, 7L, 8L, 2L, 10L, \n6L, 3L, 3L, 6L, 6L, 7L, 4L, 7L, 7L, 4L, 9L, 7L, 7L, 5L, 2L, 4L, \n9L, 4L, 1L, 2L, 8L, 3L, 2L, 2L, 8L, 3L, 5L, 6L, 3L, 3L, 3L, 6L, \n8L, 1L, 7L, 8L, 7L, 4L, 5L, 9L, 3L, 8L, 8L, 8L, 7L, 2L, 7L, 8L, \n6L, 10L, 7L, 9L, 7L, 4L, 5L, 7L, 2L, 2L, 2L, 3L, 7L, 3L, 10L, \n10L, 7L, 5L, 6L, 8L, 7L, 2L, 7L, 8L, 8L, 7L, 9L, 1L, 2L, 5L, \n7L, 5L, 7L, 3L, 6L, 10L, 4L, 3L, 7L, 4L, 7L, 4L, 5L, 2L, 7L, \n5L, 6L, 5L, 5L, 7L, 8L, 7L, 4L, 8L, 5L, 5L, 3L, 2L, 4L, 7L, 7L, \n5L, 4L, 4L, 7L, 7L), Hand = c(\"Right\", \"Right\", \"Right\", \"Right\", \n\"Right\", \"Right\", \"Right\", \"Right\", \"Right\", \"Right\", \"Right\", \n\"Right\", \"Right\", \"Right\", \"Right\", \"Right\", \"Right\", \"Right\", \n\"Right\", \"Right\", \"Right\", \"Right\", \"Right\", \"Right\", \"Ambidextrous\", \n\"Right\", \"Right\", \"Right\", \"Left\", \"Right\", \"Right\", \"Left\", \n\"Right\", \"Right\", \"Right\", \"Right\", \"Left\", \"Right\", \"Right\", \n\"Right\", \"Right\", \"Left\", \"Right\", \"Right\", \"Right\", \"Right\", \n\"Right\", \"Right\", \"Right\", \"Right\", \"Right\", \"Left\", \"Right\", \n\"Right\", \"Right\", \"Left\", \"Right\", \"Right\", \"Left\", \"Right\", \n\"Right\", \"Right\", \"Right\", \"Right\", \"Right\", \"Right\", \"Right\", \n\"Right\", \"Right\", \"Right\", \"Right\", \"Left\", \"Right\", \"Right\", \n\"Ambidextrous\", \"Right\", \"Right\", \"Right\", \"Right\", \"Right\", \n\"Right\", \"Right\", \"Right\", \"Right\", \"Right\", \"Right\", \"Right\", \n\"Left\", \"Right\", \"Right\", \"Right\", \"Right\", \"Right\", \"Right\", \n\"Right\", \"Right\", NA, \"Right\", \"Right\", \"Right\", \"Right\", \"Right\", \n\"Right\", \"Right\", \"Right\", \"Right\", \"Right\", \"Right\", \"Right\", \n\"Right\", \"Right\", \"Right\", \"Right\", \"Right\", \"Left\", \"Right\", \n\"Right\", \"Right\", \"Right\", \"Right\", \"Right\", \"Right\", \"Right\", \n\"Right\", \"Right\", \"Right\", \"Right\", \"Right\", \"Right\", \"Right\", \n\"Right\", \"Right\", \"Right\", \"Right\", \"Right\", \"Ambidextrous\"), \n    Credit = c(9, 16, 17, 4, 16, 16, 16, 16, 16, 16, 16, 18, \n    16, 15, 17, 18, 17, 15, 14, 15, 16, 17, 16, 16, 18, 16, 15, \n    16, 17, 17, 16, 15, 15, 16, 15, 15, 15, 18, 16, 16, 12, 16, \n    16, 14, 12, 16, 17, 13, 15, 17, 15, 15, 17, 16, NA, 16, 14, \n    16, 15, 15, 18, 9, 13, 16, 13, 14, 17, 16, 14, 15, 18, 15, \n    14, 16, 18, 17, 16, 16, 17, 7, 18, 15, 15, 15, 15, 15, 17, \n    17, 16, 16, 15, 6, 15, 18, 15, 15, 18, 15, 15, 17, 13, 15, \n    16, 15, 18, 12, 17, 18, 16, 18, 15, 13, 12, 18, 16, 18, 15, \n    14, 14, 12, 14.5, 15, 15, 16, 16, 16, 16, 15, 16, 17, 16, \n    14, 15, 16, 16, 15.5)), class = \"data.frame\", row.names = c(NA, \n-136L))\nSURVEY<-na.omit(Survey_Data)\n\n```\n\n::: {.hidden}\n\\let\\OldTexttt\\texttt\n\\renewcommand{\\txt}[1]{\\OldTexttt{\\color{brown}{#1}}}\n:::\n\n\n# Analyzing Bivariate Data with **R (III)**\n\nWe finalize our discussion of bivariate data analysis. In particular, we focus on **linear regression** analysis using the $\\txt{survey dataset}$ with continuous variables that we discussed earlier.\n\n## Beginning Semester Survey Data\n\nThe original data contains 136 observations and 15 variables. But, we omit the observations with a missing value, so the final data dimension becomes $108\\times 15$.\n\n```{r,eval=FALSE}\n01. Sports:    What is your favorite professional sport? \n02. States:    How many states in the US have you traveled to? \n03. Cat_Dog:   Are you more of a cat person or a dog person? \n04. Pets:      What is the number of pets you and your family currently have? \n05. Gender:    What is your gender? \n06. Browser:   What is your preferred internet browser? \n07. Shoes:     How many pairs of shoes do you have? \n08. Height:    How tall are you (inch)? \n09. MO_Height: What is your mothers height (inch)? \n10. FA_Height: What is your fathers height (inch)? \n11. Arrival:   How many minutes does it take for you to reach the recitation classroom from your residence? \n12. Sleep:     How many HOURS did you sleep last night, to the nearest half-hour? \n13. Number:    What is your favorite whole number between 1 and 10? \n14. Hand:      Are you right- or left-handed? \n15. Credit:    How many credits are you taking this semester? \n```\n\nNote that the survey dataset is recorded in $\\txt{SURVEY}$.\n\n```{webr-r}\n## Variable names\nnames(SURVEY)\n## Data dimension\ndim(SURVEY)\n```\n\n## Heights relationship between parents and children\n\nDo you believe your height is inherited from your father or mother? If your answer is YES, it might make sense to predict a child's height based on one parent's height using linear regression. Let’s explore this idea through the survey dataset.\n\nOur first step is to examine the correlation and scatter plots. We'll create these for the mother’s height ($\\txt{MO\\_Height}$) and father’s height ($\\txt{FA\\_Height}$) variables, respectively.\n\n```{webr-r}\n## In this lab, the data is not \"attached\"\n## So, we use the \"$\" operator to select variables\ncor(SURVEY$Height,SURVEY$MO_Height)\nplot(SURVEY$Height,SURVEY$MO_Height)\n## Please try the same operations with Height and FA_Height\n\n\n```\n\nDo you believe the variables demonstrate a sufficient level of linear association to justify proceeding with linear regression? Based on the results, the answer appears to be **“NO.”** In general, as a common rule of thumb, a moderately strong correlation — around $\\pm0.7$, or at least $\\pm0.6$ — is recommended. (Note that the threshold depends heavily on the nature of the data, e.g., observational vs. experimental, and the field of study, e.g., natural science vs. social science.)\n\nSo, should we stop our analysis here?\n\n## Searching for the relationship within subsets.\n\nThis type of issue is commonly encountered in data analysis. However, we can still move forward by identifying meaningful relationships within specific subsets. In this lab, we will use the $\\txt{subset()}$ function to accomplish this.\n\n### Example: Subsetting with $\\txt{subset()}$\n\nThe $\\txt{subset()}$ function takes three arguments: the first is the dataset to subset, the second is the condition for selecting observations (rows in data table), and the third specifies the variables (columns in data table) to retain. For example,\n\n```{webr-r}\n## Keep all the variables with the observations with Shoes>20\nprint(Subset1<-subset(SURVEY,Shoes>20))\n## Checking the dimension\ndim(Subset1)\n## Keep two variables, Pets and Height, \n## with the observations with Shoes>20 \nprint(Subset2<-subset(SURVEY,Shoes>20,c(\"Pets\",\"Height\")))\n## Checking the dimension\ndim(Subset2)\n```\n\nNow, let us subset our data for further regression analysis. A common way of subsetting is by using the gender variable. So,\n\n```{webr-r}\n## Female Survey dataset\nFSV<-subset(SURVEY,Gender==\"Female\",c(\"Height\",\"MO_Height\",\"FA_Height\"))\n## Male Survey dataset\nMSV<-subset(SURVEY,Gender==\"Male\",c(\"Height\",\"MO_Height\",\"FA_Height\"))\n## Checking the dimensions\ndim(FSV);dim(MSV)\n```\n\nThen, let us check the correlations for two datasets.\n\n```{webr-r}\n## For the female sub-group\ncor(FSV$Height,FSV$MO_Height)\ncor(FSV$Height,FSV$FA_Height)\n## Try it for the male sub-group\n\n\n```\n\nBased on the result, we can confirm a reasonable level of correlation between $\\texttt{Height}$ and $\\texttt{MO\\_Height}$ within the male group. So, let us use it for the linear regression analysis.\n\n## Regression analysis with the $\\texttt{lm()}$ built-in function\n\nIn the previous lab, we manually calculated the regression coefficients using the formulas. While that approach worked as intended, it’s not practical to repeat it every time. Here, we’ll use the built-in $\\txt{lm()}$ function for convenience. With $\\txt{lm()}$, we use a \"tilde\" to link the response variable ($\\txt{Height}$) with the explanatory variable ($\\txt{MO\\_Height}$) within the male group.\n\n```{webr-r}\n## Regression coefficients\nprint(Reg1 <- lm(Height~MO_Height,data=MSV))\n```\n\nIn fact, the $\\txt{lm()}$ function provides much more information when used with the $\\txt{summary()}$ function. While most of these details are beyond the scope of this class, we can identify the coefficient of determination ($\\mathbf{R}^2$) — which is 0.3926 in this case — from the \"Multiple R-squared\" value in the summary.\n```{webr-r}\n## Regression summary\nsummary(Reg1)\n```\nPlease recall that it represents the proportion of variation in a student's height explained by the mother's height through the regression analysis. Currently, the R-squared value is not particularly high, indicating that the model’s predictive power is fairly limited. (This is still a common situation with observational data when it is not collected from a controlled lab study.)\n\nWhat if we use both the mother’s height ($\\txt{MO\\_Height}$) and the father’s height ($\\txt{FA\\_Height}$) for prediction? This approach is known as **multiple regression analysis**. Even though we didn't learn this procedure in class, it can be easily implemented as follows:\n\n```{webr-r}\nprint(Reg2 <- lm(Height~MO_Height+FA_Height,data=MSV))\n## Regression summary\nsummary(Reg2)\n```\nNote that we can increase $\\mathbf{R}^2$, but the change is not too much.\nLastly, let’s make predictions. Since we are using data from male students, all interpretations should be limited to this subset.\n\n```{webr-r}\n## Prediction of a \"male\" student height when his mother's height is 68.\nnew.obs1<-data.frame(MO_Height=68)\npredict(Reg1,newdata=new.obs1)\n## Prediction of a \"male\" student height when his mother's height is 68 and father's height is 70.\nnew.obs2<-data.frame(MO_Height=68,FA_Height=70)\npredict(Reg2,newdata=new.obs2)\n\n```\n\n## Lab Questions\n\n```{webr-r}\n#| context: setup\n\nMammal<-structure(list(name = c(\"Arctic fox\", \"Owl monkey\", \"Mountain beaver\", \n\"Cow\", \"Grey wolf\", \"Goat\", \"Roe deer\", \"Guinea pig\", \"Verbet\", \n\"Chinchilla\", \"Ground squirrel\", \"Arctic ground squirrel\", \"African giant pouched rat\", \n\"Lesser short-tailed shrew\", \"Star-nosed mole\", \"Nine-banded armadillo\", \n\"Tree hyrax\", \"N.A. opossum\", \"Asian elephant\", \"Big brown bat\", \n\"Donkey\", \"Horse\", \"European hedgehog\", \"Patas monkey\", \"Cat\", \n\"Galago\", \"Genet\", \"Giraffe\", \"Gorilla\", \"Grey seal\", \"Rock hyrax-a\", \n\"Human\", \"African elephant\", \"Water opossum\", \"Rhesus monkey\", \n\"Kangaroo\", \"Yellow-bellied marmot\", \"Golden hamster\", \"Mouse\", \n\"Little brown bat\", \"Slow loris\", \"Okapi\", \"Rabbit\", \"Sheep\", \n\"Jaguar\", \"Chimpanzee\", \"Baboon\", \"Desert hedgehog\", \"Giant armadillo\", \n\"Rock hyrax-b\", \"Raccoon\", \"Rat\", \"E. American mole\", \"Mole rat\", \n\"Musk shrew\", \"Pig\", \"Echidna\", \"Brazilian tapir\", \"Tenrec\", \n\"Phalanger\", \"Tree shrew\", \"Red fox\"), body_mass_kg = c(3.38, \n0.48, 1.35, 465, 36.33, 27.66, 14.83, 1.04, 4.19, 0.42, 0.1, \n0.92, 1, 0.01, 0.06, 3.5, 2, 1.7, 2547, 0.02, 187.1, 521, 0.79, \n10, 3.3, 0.2, 1.41, 529, 207, 85, 0.75, 62, 6654, 3.5, 6.8, 35, \n4.05, 0.12, 0.02, 0.01, 1.4, 250, 2.5, 55.5, 100, 52.16, 10.55, \n0.55, 60, 3.6, 4.29, 0.28, 0.07, 0.12, 0.05, 192, 3, 160, 0.9, \n1.62, 0.1, 4.24), brain_mass_g = c(44.5, 15.5, 8.1, 423, 119.5, \n115, 98.2, 5.5, 58, 6.4, 4, 5.7, 6.6, 0.14, 1, 10.8, 12.3, 6.3, \n4603, 0.3, 419, 655, 3.5, 115, 25.6, 5, 17.5, 680, 406, 325, \n12.3, 1320, 5712, 3.9, 179, 56, 17, 1, 0.4, 0.25, 12.5, 490, \n12.1, 175, 157, 440, 179.5, 2.4, 81, 21, 39.2, 1.9, 1.2, 3, 0.33, \n180, 25, 169, 2.6, 11.4, 2.5, 50.4)), \nrow.names = c(NA, -62L), \nclass = c(\"spec_tbl_df\", \n\"tbl_df\", \"tbl\", \"data.frame\"))\n```\n\nLarger animals tend to have larger brains, but is the increase in brain size proportional to the increase in body size? Allison and Cicchetti (1976) compiled data on the body and brain sizes of 62 mammal species, available in the dataset $\\txt{Mammal}$. This dataset includes columns for the species name, average body mass (in kg), and average brain size (in g). Since both variables are highly right-skewed, we apply a log transformation for analysis.\n\n```{webr-r}\n## Check data\nMammal\n## Transform\nDATA<-log(Mammal[,2:3])\ncolnames(DATA)<-c(\"LM.Body\",\"LM.Brain\")\nplot(DATA$LM.Body,DATA$LM.Brain)\n```\n\n1.  Calculate the correlation between the log body mass and log brain size.\n\n```{webr-r}\n\n```\n\n2.  Perform the linear regression analysis for log brain size based on the log average body mass, using the $\\texttt{lm()}$ function.\n\n```{webr-r}\n\n```\n\n3.  Predict the log of brain size when the log of body mass is 3.12 (approximately 50 lb).\n\n```{webr-r}\nnew.obs<-data.frame(LM.Body=3.12)\n\n```\n\n\n**Click [HERE](https://coursesite.lehigh.edu/mod/quiz/view.php?id=5956215){target=\"_blank\"} to submit your answers.**\n"},"formats":{"html":{"identifier":{"display-name":"HTML","target-format":"html","base-format":"html"},"execute":{"fig-width":7,"fig-height":5,"fig-format":"retina","fig-dpi":96,"df-print":"default","error":false,"eval":true,"cache":null,"freeze":false,"echo":true,"output":true,"warning":true,"include":true,"keep-md":false,"keep-ipynb":false,"ipynb":null,"enabled":null,"daemon":null,"daemon-restart":false,"debug":false,"ipynb-filters":[],"ipynb-shell-interactivity":null,"plotly-connected":true,"engine":"knitr"},"render":{"keep-tex":false,"keep-typ":false,"keep-source":false,"keep-hidden":false,"prefer-html":false,"output-divs":true,"output-ext":"html","fig-align":"default","fig-pos":null,"fig-env":null,"code-fold":"none","code-overflow":"scroll","code-link":false,"code-line-numbers":false,"code-tools":false,"tbl-colwidths":"auto","merge-includes":true,"inline-includes":false,"preserve-yaml":false,"latex-auto-mk":true,"latex-auto-install":true,"latex-clean":true,"latex-min-runs":1,"latex-max-runs":10,"latex-makeindex":"makeindex","latex-makeindex-opts":[],"latex-tlmgr-opts":[],"latex-input-paths":[],"latex-output-dir":null,"link-external-icon":false,"link-external-newwindow":false,"self-contained-math":false,"format-resources":[],"notebook-links":true},"pandoc":{"standalone":true,"wrap":"none","default-image-extension":"png","to":"html","filters":["webr"],"toc":true,"css":["styles.css"],"output-file":"Lab_7.html"},"language":{"toc-title-document":"Table of contents","toc-title-website":"On this page","related-formats-title":"Other Formats","related-notebooks-title":"Notebooks","source-notebooks-prefix":"Source","other-links-title":"Other Links","code-links-title":"Code Links","launch-dev-container-title":"Launch Dev Container","launch-binder-title":"Launch Binder","article-notebook-label":"Article Notebook","notebook-preview-download":"Download Notebook","notebook-preview-download-src":"Download Source","notebook-preview-back":"Back to Article","manuscript-meca-bundle":"MECA Bundle","section-title-abstract":"Abstract","section-title-appendices":"Appendices","section-title-footnotes":"Footnotes","section-title-references":"References","section-title-reuse":"Reuse","section-title-copyright":"Copyright","section-title-citation":"Citation","appendix-attribution-cite-as":"For attribution, please cite this work as:","appendix-attribution-bibtex":"BibTeX citation:","appendix-view-license":"View License","title-block-author-single":"Author","title-block-author-plural":"Authors","title-block-affiliation-single":"Affiliation","title-block-affiliation-plural":"Affiliations","title-block-published":"Published","title-block-modified":"Modified","title-block-keywords":"Keywords","callout-tip-title":"Tip","callout-note-title":"Note","callout-warning-title":"Warning","callout-important-title":"Important","callout-caution-title":"Caution","code-summary":"Code","code-tools-menu-caption":"Code","code-tools-show-all-code":"Show All Code","code-tools-hide-all-code":"Hide All Code","code-tools-view-source":"View Source","code-tools-source-code":"Source Code","tools-share":"Share","tools-download":"Download","code-line":"Line","code-lines":"Lines","copy-button-tooltip":"Copy to Clipboard","copy-button-tooltip-success":"Copied!","repo-action-links-edit":"Edit this page","repo-action-links-source":"View source","repo-action-links-issue":"Report an issue","back-to-top":"Back to top","search-no-results-text":"No results","search-matching-documents-text":"matching documents","search-copy-link-title":"Copy link to search","search-hide-matches-text":"Hide additional matches","search-more-match-text":"more match in this document","search-more-matches-text":"more matches in this document","search-clear-button-title":"Clear","search-text-placeholder":"","search-detached-cancel-button-title":"Cancel","search-submit-button-title":"Submit","search-label":"Search","toggle-section":"Toggle section","toggle-sidebar":"Toggle sidebar navigation","toggle-dark-mode":"Toggle dark mode","toggle-reader-mode":"Toggle reader mode","toggle-navigation":"Toggle navigation","crossref-fig-title":"Figure","crossref-tbl-title":"Table","crossref-lst-title":"Listing","crossref-thm-title":"Theorem","crossref-lem-title":"Lemma","crossref-cor-title":"Corollary","crossref-prp-title":"Proposition","crossref-cnj-title":"Conjecture","crossref-def-title":"Definition","crossref-exm-title":"Example","crossref-exr-title":"Exercise","crossref-ch-prefix":"Chapter","crossref-apx-prefix":"Appendix","crossref-sec-prefix":"Section","crossref-eq-prefix":"Equation","crossref-lof-title":"List of Figures","crossref-lot-title":"List of Tables","crossref-lol-title":"List of Listings","environment-proof-title":"Proof","environment-remark-title":"Remark","environment-solution-title":"Solution","listing-page-order-by":"Order By","listing-page-order-by-default":"Default","listing-page-order-by-date-asc":"Oldest","listing-page-order-by-date-desc":"Newest","listing-page-order-by-number-desc":"High to Low","listing-page-order-by-number-asc":"Low to High","listing-page-field-date":"Date","listing-page-field-title":"Title","listing-page-field-description":"Description","listing-page-field-author":"Author","listing-page-field-filename":"File Name","listing-page-field-filemodified":"Modified","listing-page-field-subtitle":"Subtitle","listing-page-field-readingtime":"Reading Time","listing-page-field-wordcount":"Word Count","listing-page-field-categories":"Categories","listing-page-minutes-compact":"{0} min","listing-page-category-all":"All","listing-page-no-matches":"No matching items","listing-page-words":"{0} words","listing-page-filter":"Filter","draft":"Draft"},"metadata":{"lang":"en","fig-responsive":true,"quarto-version":"1.5.56","editor":"visual","theme":"sketchy","title":"Lab 7","webr":{"show-startup-message":true}},"extensions":{"book":{"multiFile":true}}}},"projectFormats":["html"]}