{"title":"Lab 5","markdown":{"yaml":{"title":"Lab 5","webr":{"show-startup-message":true}},"headingText":"Analyzing Bivariate Data with **R** (I)","containsRefs":false,"markdown":"\n\n```{webr-r}\n#| context: setup\n\nMLB_Data <- structure(list(Team = c(\"Arizona Diamondbacks\", \"Atlanta Braves\", \n\"Baltimore Orioles\", \"Boston Red Sox\", \"Chicago Cubs\", \"Chicago White Sox\", \n\"Cincinnati Reds\", \"Cleveland Guardians\", \"Colorado Rockies\", \n\"Detroit Tigers\", \"Houston Astros\", \"Kansas City Royals\", \"Los Angeles Angels\", \n\"Los Angeles Dodgers\", \"Miami Marlins\", \"Milwaukee Brewers\", \n\"Minnesota Twins\", \"New York Mets\", \"New York Yankees\", \"Oakland Athletics\", \n\"Philadelphia Phillies\", \"Pittsburgh Pirates\", \"San Diego Padres\", \n\"Seattle Mariners\", \"San Francisco Giants\", \"St. Louis Cardinals\", \n\"Tampa Bay Rays\", \"Texas Rangers\", \"Toronto Blue Jays\", \"Washington Nationals\"\n), Win_P = c(0.519, 0.642, 0.623, 0.481, 0.512, 0.377, 0.506, \n0.469, 0.364, 0.481, 0.556, 0.346, 0.451, 0.617, 0.519, 0.568, \n0.537, 0.463, 0.506, 0.309, 0.556, 0.469, 0.506, 0.543, 0.488, \n0.438, 0.611, 0.556, 0.549, 0.438)*100, RPG = c(4.6, 5.85, 4.98, \n4.77, 5.06, 3.96, 4.83, 4.09, 4.45, 4.08, 5.1, 4.17, 4.56, 5.59, \n4.11, 4.49, 4.8, 4.43, 4.15, 3.61, 4.91, 4.27, 4.64, 4.68, 4.16, \n4.44, 5.31, 5.44, 4.6, 4.32), BA = c(0.25, 0.276, 0.255, 0.258, \n0.254, 0.238, 0.249, 0.25, 0.249, 0.236, 0.259, 0.244, 0.245, \n0.257, 0.259, 0.24, 0.243, 0.238, 0.227, 0.223, 0.256, 0.239, \n0.244, 0.242, 0.235, 0.25, 0.26, 0.263, 0.256, 0.254), OPS = c(0.73, \n0.845, 0.742, 0.748, 0.751, 0.675, 0.746, 0.695, 0.715, 0.686, \n0.768, 0.7, 0.743, 0.795, 0.721, 0.704, 0.753, 0.723, 0.701, \n0.669, 0.765, 0.707, 0.742, 0.734, 0.695, 0.742, 0.776, 0.79, \n0.745, 0.709), ORPG = c(4.7, 4.42, 4.19, 4.79, 4.46, 5.19, 5.07, \n4.3, 5.91, 4.57, 4.31, 5.3, 5.12, 4.31, 4.46, 3.99, 4.07, 4.5, \n4.31, 5.7, 4.41, 4.88, 4, 4.07, 4.44, 5.12, 4.1, 4.42, 4.14, \n5.22), ERA = c(4.48, 4.14, 3.89, 4.52, 4.08, 4.87, 4.83, 3.96, \n5.67, 4.24, 3.94, 5.17, 4.64, 4.06, 4.21, 3.71, 3.87, 4.3, 3.97, \n5.48, 4.03, 4.6, 3.73, 3.74, 4.02, 4.79, 3.86, 4.28, 3.78, 5.02\n), WHIP = c(1.324, 1.302, 1.243, 1.338, 1.283, 1.415, 1.417, \n1.306, 1.545, 1.245, 1.279, 1.407, 1.418, 1.202, 1.292, 1.186, \n1.197, 1.36, 1.236, 1.52, 1.24, 1.382, 1.268, 1.187, 1.253, 1.456, \n1.177, 1.268, 1.25, 1.473)), row.names = c(NA, -30L), class = c(\"tbl_df\", \n\"tbl\", \"data.frame\"))\nattach(MLB_Data)\n```\n::: {.hidden}\n\\let\\OldTexttt\\texttt\n\\renewcommand{\\txt}[1]{\\OldTexttt{\\color{brown}{#1}}}\n:::\n\n\nThere are many situations where we are interested in the relationship between two variables. For the discrete bivariate case, a conditional frequency table can be used. For continuous variables, correlation and linear regression analyses are appropriate. In this lab, we focus on the **correlation** analysis based on a dataset with continuous variables.\n\n## MLB Data: 2023 Regular Season Team Statistics\n\nIn this lab, let's use the complete dataset from the 2023 regular season. As depicted in the movie Moneyball (2011), the use of baseball statistics and analytics to measure player and team performance has become widespread. While numerous baseball analytics are used in the field, we will focus on some of the key statistics that measure the offensive and defensive capabilities of MLB teams:\n\n```{r,eval=FALSE}\n01. Team:  Name of the team \n02. Win_P: Winning Percentage, \"(# of Wins\"/ \"Total # of games)*100\".\n03. RPG:   Runs per Game, the average number of runs a team or player scores in each game. \n04. BA:    Batting Average, \"the # of times a batter hits a ball and reaches the base\"/\"the # of at bats by a batter\".   \n05. OPS:   On-base plus slugging, the sum of on-base percentage and slugging percentage. \n06. ORPG:  Opponent Runs per Game, the runs per game by the opponent.   \n07. ERA:   Earned Run Average, the number of earned runs a pitcher allows per nine innings.    \n08. WHIP:  Walks And Hits Per Inning Pitched, the statistic shows how well a pitcher has kept runners off the basepaths, one of his main goals.\n\n```\n\nIn the data set, the variable $\\txt{Win\\_P}$ measures an MLB team's performance throughout the 2023 season. For offensive capability, we can use the variables $\\txt{RPG}$, $\\txt{BA}$, and $\\txt{OPS}$; whereas, for defensive capability, we can use $\\txt{ORPG}$, $\\txt{ERA}$, and $\\txt{WHIP}$.\n\n## Offensive Capability\n\nIn baseball, offensive capability is closely tied to the performance of batters. We can expect a positive association between offensive measures and winning percentage. This relationship can be quantified using correlation, which provides a unit-less value between -1 and 1. A value close to 1 or -1 indicates a strong positive or negative association, respectively, while a value near 0 indicates no linear association between the variables. In \\textbf{R}, the function $\\txt{cor()}$ can be used to calculate correlation:\n\n```{webr-r}\ncor(BA,Win_P)\n```\n\nBased on the correlation value, we can describe the level of linear association (e.g., a moderately high positive relationship). However, it's also important to visually confirm the actual association, as this helps us better understand the data. For this purpose, we can use the $\\txt{plot()}$ function in R:\n\n```{webr-r}\nplot(BA, Win_P, main=\"Relationship b/w Batting Average and Winning %\")\n```\n\nWe can rewrite labels by using the $\\txt{xlab}$ and $\\txt{ylab}$ arguments.\n\n```{webr-r}\nplot(BA, Win_P, main=\"Relationship b/w Batting Average and Winning %\",\n     xlab=\"Batting average\",ylab=\"Winning Percentage\")\n```\n\nAlso, change the **p**lotting **ch**aracter and **col**ors with the $\\txt{col}$ argument.\n\n![](images/pch-symbols.png){fig-align=\"center\" width=\"3in\"}\n\n```{webr-r}\n# Refine labels and change the color: red=2, green=3, blue=3, etc\nplot(BA, Win_P, main=\"Relationship b/w Batting Average and Winning %\",\n     xlab=\"Batting average\",ylab=\"Winning Percentage\",pch=0,col=2)\n# We can also use color options in palette\nplot(BA, Win_P, main=\"Relationship b/w Batting Average and Winning %\",\n     xlab=\"Batting average\",ylab=\"Winning Percentage\",pch=19,col=blues9)\n## R color palette: Uncomment the next line and run the code\n#colors()\n```\n\n## Defensive Capability\n\nUnlike offensive capability, defensive capability in baseball is closely tied to the performance of pitchers. For defensive measures, smaller values indicate better performance, leading us to expect a negative association with winning percentage. For example, $\\txt{ERA}$ (Earned Run Average) is a classic measure of a pitcher's ability. Let's examine the correlation and create a scatter plot to confirm this relationship.\n\n```{webr-r}\ncor(ERA,Win_P)\nplot(ERA, Win_P, main=\"Relationship b/w Batting Average and Winning %\",\n     xlab=\"Batting average\",ylab=\"Winning Percentage\",col=3)\n```\n\n## Overall Capability\n\nThe variables 'runs per game' and 'opponent runs per game' are valid offensive and defensive metrics in baseball. Let’s examine the correlation and create scatter plots to confirm their relationship.\n\n```{webr-r}\n## Win_P vs. RPG\n\n\n## Win_P vs. ORPG\n\n\n```\n\nNow, let's say we want to combine these two analytics to measure the overall capability of an MLB team. The idea is very simple. By subtracting $\\txt{ORPG}$ from $\\txt{RPG}$, we quantify the actual \"net runs per game\" compared to opponent team: $$\\txt{NRPG}=\\txt{RPG}-\\txt{ORPG}.$$ Please create the new variable in **R**, and check the correlation and display the scatter plot.\n\n```{webr-r}\n## Define new variable\nNRPG\n\n```\n\nDo you think the created $\\txt{NRPG}$ would be a good overall performance measure?\n\n## Lab Questions\n\n1.  Among the six variables, $\\txt{RPG}$, $\\txt{BA}$, $\\txt{OPS}$, $\\txt{ORPG}$, $\\txt{ERA}$, and $\\txt{WHIP}$, we wish to choose the best offensive measure and the best defensive measure, respectively. Please perform correlation analysis and provide your conclusion.\\\n\n```{webr-r}\n\n```\n\n2.  Note that the $\\txt{NRPG}$ we have defined is just one way to combine $\\txt{RPG}$ and $\\txt{ORPG}$. We can also consider the \"ratio of runs per game\" by dividing $\\txt{ORPG}$ from $\\txt{RPG}$. Create a new variable $\\txt{RRPG}$ for the \"ratio of runs per game\" and compare the result with $\\txt{NRPG}$. Which one would be more effective in measuring the overall capability of an MLB team?\n\n```{webr-r}\n\n```\n\n**Click [HERE](https://coursesite.lehigh.edu/mod/quiz/view.php?id=5940261){target=\"_blank\"} to submit your answers.**\n","srcMarkdownNoYaml":"\n\n```{webr-r}\n#| context: setup\n\nMLB_Data <- structure(list(Team = c(\"Arizona Diamondbacks\", \"Atlanta Braves\", \n\"Baltimore Orioles\", \"Boston Red Sox\", \"Chicago Cubs\", \"Chicago White Sox\", \n\"Cincinnati Reds\", \"Cleveland Guardians\", \"Colorado Rockies\", \n\"Detroit Tigers\", \"Houston Astros\", \"Kansas City Royals\", \"Los Angeles Angels\", \n\"Los Angeles Dodgers\", \"Miami Marlins\", \"Milwaukee Brewers\", \n\"Minnesota Twins\", \"New York Mets\", \"New York Yankees\", \"Oakland Athletics\", \n\"Philadelphia Phillies\", \"Pittsburgh Pirates\", \"San Diego Padres\", \n\"Seattle Mariners\", \"San Francisco Giants\", \"St. Louis Cardinals\", \n\"Tampa Bay Rays\", \"Texas Rangers\", \"Toronto Blue Jays\", \"Washington Nationals\"\n), Win_P = c(0.519, 0.642, 0.623, 0.481, 0.512, 0.377, 0.506, \n0.469, 0.364, 0.481, 0.556, 0.346, 0.451, 0.617, 0.519, 0.568, \n0.537, 0.463, 0.506, 0.309, 0.556, 0.469, 0.506, 0.543, 0.488, \n0.438, 0.611, 0.556, 0.549, 0.438)*100, RPG = c(4.6, 5.85, 4.98, \n4.77, 5.06, 3.96, 4.83, 4.09, 4.45, 4.08, 5.1, 4.17, 4.56, 5.59, \n4.11, 4.49, 4.8, 4.43, 4.15, 3.61, 4.91, 4.27, 4.64, 4.68, 4.16, \n4.44, 5.31, 5.44, 4.6, 4.32), BA = c(0.25, 0.276, 0.255, 0.258, \n0.254, 0.238, 0.249, 0.25, 0.249, 0.236, 0.259, 0.244, 0.245, \n0.257, 0.259, 0.24, 0.243, 0.238, 0.227, 0.223, 0.256, 0.239, \n0.244, 0.242, 0.235, 0.25, 0.26, 0.263, 0.256, 0.254), OPS = c(0.73, \n0.845, 0.742, 0.748, 0.751, 0.675, 0.746, 0.695, 0.715, 0.686, \n0.768, 0.7, 0.743, 0.795, 0.721, 0.704, 0.753, 0.723, 0.701, \n0.669, 0.765, 0.707, 0.742, 0.734, 0.695, 0.742, 0.776, 0.79, \n0.745, 0.709), ORPG = c(4.7, 4.42, 4.19, 4.79, 4.46, 5.19, 5.07, \n4.3, 5.91, 4.57, 4.31, 5.3, 5.12, 4.31, 4.46, 3.99, 4.07, 4.5, \n4.31, 5.7, 4.41, 4.88, 4, 4.07, 4.44, 5.12, 4.1, 4.42, 4.14, \n5.22), ERA = c(4.48, 4.14, 3.89, 4.52, 4.08, 4.87, 4.83, 3.96, \n5.67, 4.24, 3.94, 5.17, 4.64, 4.06, 4.21, 3.71, 3.87, 4.3, 3.97, \n5.48, 4.03, 4.6, 3.73, 3.74, 4.02, 4.79, 3.86, 4.28, 3.78, 5.02\n), WHIP = c(1.324, 1.302, 1.243, 1.338, 1.283, 1.415, 1.417, \n1.306, 1.545, 1.245, 1.279, 1.407, 1.418, 1.202, 1.292, 1.186, \n1.197, 1.36, 1.236, 1.52, 1.24, 1.382, 1.268, 1.187, 1.253, 1.456, \n1.177, 1.268, 1.25, 1.473)), row.names = c(NA, -30L), class = c(\"tbl_df\", \n\"tbl\", \"data.frame\"))\nattach(MLB_Data)\n```\n::: {.hidden}\n\\let\\OldTexttt\\texttt\n\\renewcommand{\\txt}[1]{\\OldTexttt{\\color{brown}{#1}}}\n:::\n\n# Analyzing Bivariate Data with **R** (I)\n\nThere are many situations where we are interested in the relationship between two variables. For the discrete bivariate case, a conditional frequency table can be used. For continuous variables, correlation and linear regression analyses are appropriate. In this lab, we focus on the **correlation** analysis based on a dataset with continuous variables.\n\n## MLB Data: 2023 Regular Season Team Statistics\n\nIn this lab, let's use the complete dataset from the 2023 regular season. As depicted in the movie Moneyball (2011), the use of baseball statistics and analytics to measure player and team performance has become widespread. While numerous baseball analytics are used in the field, we will focus on some of the key statistics that measure the offensive and defensive capabilities of MLB teams:\n\n```{r,eval=FALSE}\n01. Team:  Name of the team \n02. Win_P: Winning Percentage, \"(# of Wins\"/ \"Total # of games)*100\".\n03. RPG:   Runs per Game, the average number of runs a team or player scores in each game. \n04. BA:    Batting Average, \"the # of times a batter hits a ball and reaches the base\"/\"the # of at bats by a batter\".   \n05. OPS:   On-base plus slugging, the sum of on-base percentage and slugging percentage. \n06. ORPG:  Opponent Runs per Game, the runs per game by the opponent.   \n07. ERA:   Earned Run Average, the number of earned runs a pitcher allows per nine innings.    \n08. WHIP:  Walks And Hits Per Inning Pitched, the statistic shows how well a pitcher has kept runners off the basepaths, one of his main goals.\n\n```\n\nIn the data set, the variable $\\txt{Win\\_P}$ measures an MLB team's performance throughout the 2023 season. For offensive capability, we can use the variables $\\txt{RPG}$, $\\txt{BA}$, and $\\txt{OPS}$; whereas, for defensive capability, we can use $\\txt{ORPG}$, $\\txt{ERA}$, and $\\txt{WHIP}$.\n\n## Offensive Capability\n\nIn baseball, offensive capability is closely tied to the performance of batters. We can expect a positive association between offensive measures and winning percentage. This relationship can be quantified using correlation, which provides a unit-less value between -1 and 1. A value close to 1 or -1 indicates a strong positive or negative association, respectively, while a value near 0 indicates no linear association between the variables. In \\textbf{R}, the function $\\txt{cor()}$ can be used to calculate correlation:\n\n```{webr-r}\ncor(BA,Win_P)\n```\n\nBased on the correlation value, we can describe the level of linear association (e.g., a moderately high positive relationship). However, it's also important to visually confirm the actual association, as this helps us better understand the data. For this purpose, we can use the $\\txt{plot()}$ function in R:\n\n```{webr-r}\nplot(BA, Win_P, main=\"Relationship b/w Batting Average and Winning %\")\n```\n\nWe can rewrite labels by using the $\\txt{xlab}$ and $\\txt{ylab}$ arguments.\n\n```{webr-r}\nplot(BA, Win_P, main=\"Relationship b/w Batting Average and Winning %\",\n     xlab=\"Batting average\",ylab=\"Winning Percentage\")\n```\n\nAlso, change the **p**lotting **ch**aracter and **col**ors with the $\\txt{col}$ argument.\n\n![](images/pch-symbols.png){fig-align=\"center\" width=\"3in\"}\n\n```{webr-r}\n# Refine labels and change the color: red=2, green=3, blue=3, etc\nplot(BA, Win_P, main=\"Relationship b/w Batting Average and Winning %\",\n     xlab=\"Batting average\",ylab=\"Winning Percentage\",pch=0,col=2)\n# We can also use color options in palette\nplot(BA, Win_P, main=\"Relationship b/w Batting Average and Winning %\",\n     xlab=\"Batting average\",ylab=\"Winning Percentage\",pch=19,col=blues9)\n## R color palette: Uncomment the next line and run the code\n#colors()\n```\n\n## Defensive Capability\n\nUnlike offensive capability, defensive capability in baseball is closely tied to the performance of pitchers. For defensive measures, smaller values indicate better performance, leading us to expect a negative association with winning percentage. For example, $\\txt{ERA}$ (Earned Run Average) is a classic measure of a pitcher's ability. Let's examine the correlation and create a scatter plot to confirm this relationship.\n\n```{webr-r}\ncor(ERA,Win_P)\nplot(ERA, Win_P, main=\"Relationship b/w Batting Average and Winning %\",\n     xlab=\"Batting average\",ylab=\"Winning Percentage\",col=3)\n```\n\n## Overall Capability\n\nThe variables 'runs per game' and 'opponent runs per game' are valid offensive and defensive metrics in baseball. Let’s examine the correlation and create scatter plots to confirm their relationship.\n\n```{webr-r}\n## Win_P vs. RPG\n\n\n## Win_P vs. ORPG\n\n\n```\n\nNow, let's say we want to combine these two analytics to measure the overall capability of an MLB team. The idea is very simple. By subtracting $\\txt{ORPG}$ from $\\txt{RPG}$, we quantify the actual \"net runs per game\" compared to opponent team: $$\\txt{NRPG}=\\txt{RPG}-\\txt{ORPG}.$$ Please create the new variable in **R**, and check the correlation and display the scatter plot.\n\n```{webr-r}\n## Define new variable\nNRPG\n\n```\n\nDo you think the created $\\txt{NRPG}$ would be a good overall performance measure?\n\n## Lab Questions\n\n1.  Among the six variables, $\\txt{RPG}$, $\\txt{BA}$, $\\txt{OPS}$, $\\txt{ORPG}$, $\\txt{ERA}$, and $\\txt{WHIP}$, we wish to choose the best offensive measure and the best defensive measure, respectively. Please perform correlation analysis and provide your conclusion.\\\n\n```{webr-r}\n\n```\n\n2.  Note that the $\\txt{NRPG}$ we have defined is just one way to combine $\\txt{RPG}$ and $\\txt{ORPG}$. We can also consider the \"ratio of runs per game\" by dividing $\\txt{ORPG}$ from $\\txt{RPG}$. Create a new variable $\\txt{RRPG}$ for the \"ratio of runs per game\" and compare the result with $\\txt{NRPG}$. Which one would be more effective in measuring the overall capability of an MLB team?\n\n```{webr-r}\n\n```\n\n**Click [HERE](https://coursesite.lehigh.edu/mod/quiz/view.php?id=5940261){target=\"_blank\"} to submit your answers.**\n"},"formats":{"html":{"identifier":{"display-name":"HTML","target-format":"html","base-format":"html"},"execute":{"fig-width":7,"fig-height":5,"fig-format":"retina","fig-dpi":96,"df-print":"default","error":false,"eval":true,"cache":null,"freeze":false,"echo":true,"output":true,"warning":true,"include":true,"keep-md":false,"keep-ipynb":false,"ipynb":null,"enabled":null,"daemon":null,"daemon-restart":false,"debug":false,"ipynb-filters":[],"ipynb-shell-interactivity":null,"plotly-connected":true,"engine":"knitr"},"render":{"keep-tex":false,"keep-typ":false,"keep-source":false,"keep-hidden":false,"prefer-html":false,"output-divs":true,"output-ext":"html","fig-align":"default","fig-pos":null,"fig-env":null,"code-fold":"none","code-overflow":"scroll","code-link":false,"code-line-numbers":false,"code-tools":false,"tbl-colwidths":"auto","merge-includes":true,"inline-includes":false,"preserve-yaml":false,"latex-auto-mk":true,"latex-auto-install":true,"latex-clean":true,"latex-min-runs":1,"latex-max-runs":10,"latex-makeindex":"makeindex","latex-makeindex-opts":[],"latex-tlmgr-opts":[],"latex-input-paths":[],"latex-output-dir":null,"link-external-icon":false,"link-external-newwindow":false,"self-contained-math":false,"format-resources":[],"notebook-links":true},"pandoc":{"standalone":true,"wrap":"none","default-image-extension":"png","to":"html","filters":["webr"],"toc":true,"css":["styles.css"],"output-file":"Lab_5.html"},"language":{"toc-title-document":"Table of contents","toc-title-website":"On this page","related-formats-title":"Other Formats","related-notebooks-title":"Notebooks","source-notebooks-prefix":"Source","other-links-title":"Other Links","code-links-title":"Code Links","launch-dev-container-title":"Launch Dev Container","launch-binder-title":"Launch Binder","article-notebook-label":"Article Notebook","notebook-preview-download":"Download Notebook","notebook-preview-download-src":"Download Source","notebook-preview-back":"Back to Article","manuscript-meca-bundle":"MECA Bundle","section-title-abstract":"Abstract","section-title-appendices":"Appendices","section-title-footnotes":"Footnotes","section-title-references":"References","section-title-reuse":"Reuse","section-title-copyright":"Copyright","section-title-citation":"Citation","appendix-attribution-cite-as":"For attribution, please cite this work as:","appendix-attribution-bibtex":"BibTeX citation:","appendix-view-license":"View License","title-block-author-single":"Author","title-block-author-plural":"Authors","title-block-affiliation-single":"Affiliation","title-block-affiliation-plural":"Affiliations","title-block-published":"Published","title-block-modified":"Modified","title-block-keywords":"Keywords","callout-tip-title":"Tip","callout-note-title":"Note","callout-warning-title":"Warning","callout-important-title":"Important","callout-caution-title":"Caution","code-summary":"Code","code-tools-menu-caption":"Code","code-tools-show-all-code":"Show All Code","code-tools-hide-all-code":"Hide All Code","code-tools-view-source":"View Source","code-tools-source-code":"Source Code","tools-share":"Share","tools-download":"Download","code-line":"Line","code-lines":"Lines","copy-button-tooltip":"Copy to Clipboard","copy-button-tooltip-success":"Copied!","repo-action-links-edit":"Edit this page","repo-action-links-source":"View source","repo-action-links-issue":"Report an issue","back-to-top":"Back to top","search-no-results-text":"No results","search-matching-documents-text":"matching documents","search-copy-link-title":"Copy link to search","search-hide-matches-text":"Hide additional matches","search-more-match-text":"more match in this document","search-more-matches-text":"more matches in this document","search-clear-button-title":"Clear","search-text-placeholder":"","search-detached-cancel-button-title":"Cancel","search-submit-button-title":"Submit","search-label":"Search","toggle-section":"Toggle section","toggle-sidebar":"Toggle sidebar navigation","toggle-dark-mode":"Toggle dark mode","toggle-reader-mode":"Toggle reader mode","toggle-navigation":"Toggle navigation","crossref-fig-title":"Figure","crossref-tbl-title":"Table","crossref-lst-title":"Listing","crossref-thm-title":"Theorem","crossref-lem-title":"Lemma","crossref-cor-title":"Corollary","crossref-prp-title":"Proposition","crossref-cnj-title":"Conjecture","crossref-def-title":"Definition","crossref-exm-title":"Example","crossref-exr-title":"Exercise","crossref-ch-prefix":"Chapter","crossref-apx-prefix":"Appendix","crossref-sec-prefix":"Section","crossref-eq-prefix":"Equation","crossref-lof-title":"List of Figures","crossref-lot-title":"List of Tables","crossref-lol-title":"List of Listings","environment-proof-title":"Proof","environment-remark-title":"Remark","environment-solution-title":"Solution","listing-page-order-by":"Order By","listing-page-order-by-default":"Default","listing-page-order-by-date-asc":"Oldest","listing-page-order-by-date-desc":"Newest","listing-page-order-by-number-desc":"High to Low","listing-page-order-by-number-asc":"Low to High","listing-page-field-date":"Date","listing-page-field-title":"Title","listing-page-field-description":"Description","listing-page-field-author":"Author","listing-page-field-filename":"File Name","listing-page-field-filemodified":"Modified","listing-page-field-subtitle":"Subtitle","listing-page-field-readingtime":"Reading Time","listing-page-field-wordcount":"Word Count","listing-page-field-categories":"Categories","listing-page-minutes-compact":"{0} min","listing-page-category-all":"All","listing-page-no-matches":"No matching items","listing-page-words":"{0} words","listing-page-filter":"Filter","draft":"Draft"},"metadata":{"lang":"en","fig-responsive":true,"quarto-version":"1.5.56","editor":"visual","theme":"sketchy","title":"Lab 5","webr":{"show-startup-message":true}},"extensions":{"book":{"multiFile":true}}}},"projectFormats":["html"]}