{"title":"Lab 9","markdown":{"yaml":{"title":"Lab 9","webr":{"show-startup-message":true}},"headingText":"Probability (II)","containsRefs":false,"markdown":"\n\n```{webr-r}\n#| context: setup\n\nlibrary(fastGraph)\n```\n::: {.hidden}\n\\let\\OldTexttt\\texttt\n\\renewcommand{\\txt}[1]{\\OldTexttt{\\color{brown}{#1}}}\n:::\n\n\n## Continuous Random Variable (RV)\n\nWhile a discrete random variable only takes distinct values, a continuous random variable can take any value within its given range. For example, it might yield a value between 10 and 120 (such as the daily high temperature in the U.S.) or any value from 0 to infinity (such as the failure time of a particular device in minutes).\n\n## Probability Distribution of Continuous RV\n\nA continuous probability distribution can be represented as a curve $f(x)$ that spans the possible values of a random variable. Its shape can vary depending on the variable of interest, but it has the following properties: \n\n1. $f(x)\\ge 0$ for all $x$;\n2. The total area under the probability density curve is always 1; \n3. $P[ a\\le X\\le b ]$ is the area under the probability density curve between $a$ and $b$.\n \n\n![](images/density.png){fig-align=\"center\"}\n\n## The Normal Distribution\n\nIn class, we primarily focus on the normal distribution because: \n\n- Many real-world phenomena follow a normal distribution, such as people's height, IQ scores, exam grades, snowflake sizes, measurement errors, and lightbulb lifetimes.\n- The Central Limit Theorem ensures that sums and averages of independent random variables tend to be normally distributed.\n- The normal distribution is mathematically convenient and easy to work with. In particular, we can always use $z$-table for any probability calculations.\n\n\nA normal distribution can be characterized by two parameters: the mean $\\mu$ and the variance $\\sigma^2$ (or equivalently, the standard deviation $\\sigma$).\n\n![](images/normal.gif){fig-align=\"center\"}\n\n# Probability calculation\n\nProbability calculations under a normal distribution can be easily performed using the function $\\txt{pnorm(c)}$. Similar to using a $z$-table, this function provides the **left-tail probability** based on a cutoff value of $c$.\n\nSuppose $X$ to be the \\# of beer cans consumed by a female college student in a year. It is assumed to be normally distributed with the mean 260 and standard deviation 80. What we are interested in is the proportion of female students drink less than 300 beer cans per year.\n\n```{webr-r}\n# Given information\nx <- 300\nmu <- 260\nsigma <- 80\n# z-score\nz <- (x-mu)/sigma\n\n# Probability calculation\npnorm(z)\n\n# Graphical Illustration\nx <- -1000:1000/300\ny <- dnorm(x)\nshadeDist(z,\"dnorm\",0,1,col=c(\"black\",\"brown\"),main=\"Area under Standard Normal Curve\",xmin=-3.5,xmax=3.5)\n```\n\nThis approach precisely emulates the way we typically perform probability calculations using the $z$-table. Now, we can simplify the process by using the second and third arguments of the $\\txt{pnorm()}$ function, which allow us to specify the mean and standard deviation of the distribution directly.\n\n```{webr-r}\n# Given information\nx <- 300\nmu <- 260\nsigma <- 80\n\n# Probability calculation\npnorm(x,mu,sigma)\n\n# Graphical Illustration\nx <- 260+(-1000:1000)/30\ny <- dnorm(x)\nshadeDist(300,\"dnorm\",260,80,col=c(\"black\",\"brown\"),main=\"Area under Standard Normal Curve\")\n\n```\n\n## Example\n\nLet $Y$ be the \\# of beer cans consumed by a male college student in a year. It is assumed to be normally distributed with the mean 440 and standard deviation 60. What proportion of male students drink more than 365 beer cans per year?\n\n```{webr-r}\ny <-\nmu <-\nsigma <-\n```\n\n## Sampling Distribution for Sample Mean\n\nThe sampling distribution contains **all the information** about a statistic of interest. When examining the behavior of a sample mean randomly drawn from a population, we first consider the following properties:\n\n-   The mean of \"the sampling distribution for the sample mean\" will always equal the population mean $\\mu$: $$\\mu_\\bar{X}=E[\\bar{X}]=\\mu.$$\n-   The standard deviation of \"the sampling distribution for the sample mean\" will equal the population standard deviation $\\sigma$ over the square root of the sample size $n$: $$\\sigma_\\bar{X}=SD[\\bar{X}]=\\frac{\\sigma}{\\sqrt{n}}.$$\n\nThen, the shape of the sampling distribution can be described as follows:\n\n1.  If population distribution is a normal distribution, the sampling distribution for sample mean would resemble the shape of the population distribution. That is, the sampling distribution also follows a normal distribution with the above mean and standard deviation.\n\n2.  If population distribution is unknown, the sampling distribution for sample mean would still follow a normal distribution with the above mean and standard deviation only if we have sufficiently large sample size, e.g., $n\\ge 30$.\n\nIn particular, we call the second result **the central limit theorem (C.L.T.)**.\n\n# Probability calculation\n\nSuppose a test score has the mean value 78 and standard deviation 10. We don't have any other information regarding the population distribution. Let us consider the probability that a sample mean with the sample size $n=32$ is greater than 82, i.e., the probability that the average test score of 32 students is greater than 82.\n\n```{webr-r}\n# Given information\nmu <- 78\nsigma <- 10\nn<-32\nx <- 82\n\n# the mean and standard deviation of the sampling distribution\nmu_xbar <- mu\nsigma_xbar <- 10/sqrt(32)\n\n#Probability calculation based on the C.L.T.\n1 - pnorm(x,mu_xbar,sigma_xbar)\n```\nNote that if the sample size were smaller than 30, the probability calculation would be impossible since the appropriate probability distribution for the computation would be unknown.\n\n\n# Verification of C.L.T. through a simulation\n\nLastly, let us verify the central limit theorem through a short simulation. Here, we assume the population distribution is highly skewed to the right.\n\n```{webr-r}\n## C.L.T. Simulation for exponential population distributions\nset.seed(2024)\nm<-500\nx<-1:10000/500\n\nplot(x,dexp(x,1/9),lwd=3,type=\"l\",main=\"Population distribution: Highly Skewed Version\")\nabline(v=9,col=\"blue\",lwd=3,lty=2)\nlegend(\"topright\",legend=c(\"true mean\"),lwd=2,col=c(\"blue\"),lty=2)\n\nsam_dist_mean_exp<-function(N=30)\n{\nsample_means<-NULL\nfor(i in 1:m)\n  sample_means[i]<-mean(rexp(N,1/9))\nhist(sample_means,probability=TRUE,lwd=2,col=\"brown\",main=paste(\"Sampling Dist'n of sample mean: n=\",N),xlim=c(0,20))\n\nabline(v=9,col=\"blue\",lwd=2,lty=2)\ncurve(dnorm(x,9,9/sqrt(N)),add=TRUE,lwd=2)\n}\npar(mfrow=c(2,2))\nsam_dist_mean_exp(2)\nsam_dist_mean_exp(5)\nsam_dist_mean_exp(15)\nsam_dist_mean_exp(30)\npar(mfrow=c(1,1))\n```\n\nNote that the shape of the histogram (the empirical sample mean distribution) converges toward the theoretical sampling distribution (represented by the black curve) as the sample size increases from $n=2$ to $n=30$.\n\n## Lab Questions\n\n1.  A survey indicates that the average American family produces 17.2 pounds of glass waste per year, with a population standard deviation of 2.5 pounds. Calculate the probability that the sample mean for a group of 55 families will fall between 17 and 18 pounds.\n\n<!-- -->\n\ni.  Can we use the C.L.T. for the probability calculation?\\\n    True / False\n\nii. Calculate the probability.\n\n```{webr-r}\n\n```\n\n2.  The average teacher's salary in New Jersey is \\$62,174, assuming a normal distribution with a standard deviation of \\$8,500.\n\n<!-- -->\n\ni.  What is the probability that a randomly selected teacher makes less than \\$60,000 per year?\n\n```{webr-r}\n\n```\n\nii. If we sample 100 teachers' salaries, what is the probability that the sample mean is less than \\$60,000 per year?\n\n```{webr-r}\n\n```\n\niii. Why is the probability in part (i) higher than the probability in part (ii)?\n\n\n**Click [HERE](https://coursesite.lehigh.edu/mod/quiz/view.php?id=5992461){target=\"_blank\"} to submit your answers.**","srcMarkdownNoYaml":"\n\n```{webr-r}\n#| context: setup\n\nlibrary(fastGraph)\n```\n::: {.hidden}\n\\let\\OldTexttt\\texttt\n\\renewcommand{\\txt}[1]{\\OldTexttt{\\color{brown}{#1}}}\n:::\n\n# Probability (II)\n\n## Continuous Random Variable (RV)\n\nWhile a discrete random variable only takes distinct values, a continuous random variable can take any value within its given range. For example, it might yield a value between 10 and 120 (such as the daily high temperature in the U.S.) or any value from 0 to infinity (such as the failure time of a particular device in minutes).\n\n## Probability Distribution of Continuous RV\n\nA continuous probability distribution can be represented as a curve $f(x)$ that spans the possible values of a random variable. Its shape can vary depending on the variable of interest, but it has the following properties: \n\n1. $f(x)\\ge 0$ for all $x$;\n2. The total area under the probability density curve is always 1; \n3. $P[ a\\le X\\le b ]$ is the area under the probability density curve between $a$ and $b$.\n \n\n![](images/density.png){fig-align=\"center\"}\n\n## The Normal Distribution\n\nIn class, we primarily focus on the normal distribution because: \n\n- Many real-world phenomena follow a normal distribution, such as people's height, IQ scores, exam grades, snowflake sizes, measurement errors, and lightbulb lifetimes.\n- The Central Limit Theorem ensures that sums and averages of independent random variables tend to be normally distributed.\n- The normal distribution is mathematically convenient and easy to work with. In particular, we can always use $z$-table for any probability calculations.\n\n\nA normal distribution can be characterized by two parameters: the mean $\\mu$ and the variance $\\sigma^2$ (or equivalently, the standard deviation $\\sigma$).\n\n![](images/normal.gif){fig-align=\"center\"}\n\n# Probability calculation\n\nProbability calculations under a normal distribution can be easily performed using the function $\\txt{pnorm(c)}$. Similar to using a $z$-table, this function provides the **left-tail probability** based on a cutoff value of $c$.\n\nSuppose $X$ to be the \\# of beer cans consumed by a female college student in a year. It is assumed to be normally distributed with the mean 260 and standard deviation 80. What we are interested in is the proportion of female students drink less than 300 beer cans per year.\n\n```{webr-r}\n# Given information\nx <- 300\nmu <- 260\nsigma <- 80\n# z-score\nz <- (x-mu)/sigma\n\n# Probability calculation\npnorm(z)\n\n# Graphical Illustration\nx <- -1000:1000/300\ny <- dnorm(x)\nshadeDist(z,\"dnorm\",0,1,col=c(\"black\",\"brown\"),main=\"Area under Standard Normal Curve\",xmin=-3.5,xmax=3.5)\n```\n\nThis approach precisely emulates the way we typically perform probability calculations using the $z$-table. Now, we can simplify the process by using the second and third arguments of the $\\txt{pnorm()}$ function, which allow us to specify the mean and standard deviation of the distribution directly.\n\n```{webr-r}\n# Given information\nx <- 300\nmu <- 260\nsigma <- 80\n\n# Probability calculation\npnorm(x,mu,sigma)\n\n# Graphical Illustration\nx <- 260+(-1000:1000)/30\ny <- dnorm(x)\nshadeDist(300,\"dnorm\",260,80,col=c(\"black\",\"brown\"),main=\"Area under Standard Normal Curve\")\n\n```\n\n## Example\n\nLet $Y$ be the \\# of beer cans consumed by a male college student in a year. It is assumed to be normally distributed with the mean 440 and standard deviation 60. What proportion of male students drink more than 365 beer cans per year?\n\n```{webr-r}\ny <-\nmu <-\nsigma <-\n```\n\n## Sampling Distribution for Sample Mean\n\nThe sampling distribution contains **all the information** about a statistic of interest. When examining the behavior of a sample mean randomly drawn from a population, we first consider the following properties:\n\n-   The mean of \"the sampling distribution for the sample mean\" will always equal the population mean $\\mu$: $$\\mu_\\bar{X}=E[\\bar{X}]=\\mu.$$\n-   The standard deviation of \"the sampling distribution for the sample mean\" will equal the population standard deviation $\\sigma$ over the square root of the sample size $n$: $$\\sigma_\\bar{X}=SD[\\bar{X}]=\\frac{\\sigma}{\\sqrt{n}}.$$\n\nThen, the shape of the sampling distribution can be described as follows:\n\n1.  If population distribution is a normal distribution, the sampling distribution for sample mean would resemble the shape of the population distribution. That is, the sampling distribution also follows a normal distribution with the above mean and standard deviation.\n\n2.  If population distribution is unknown, the sampling distribution for sample mean would still follow a normal distribution with the above mean and standard deviation only if we have sufficiently large sample size, e.g., $n\\ge 30$.\n\nIn particular, we call the second result **the central limit theorem (C.L.T.)**.\n\n# Probability calculation\n\nSuppose a test score has the mean value 78 and standard deviation 10. We don't have any other information regarding the population distribution. Let us consider the probability that a sample mean with the sample size $n=32$ is greater than 82, i.e., the probability that the average test score of 32 students is greater than 82.\n\n```{webr-r}\n# Given information\nmu <- 78\nsigma <- 10\nn<-32\nx <- 82\n\n# the mean and standard deviation of the sampling distribution\nmu_xbar <- mu\nsigma_xbar <- 10/sqrt(32)\n\n#Probability calculation based on the C.L.T.\n1 - pnorm(x,mu_xbar,sigma_xbar)\n```\nNote that if the sample size were smaller than 30, the probability calculation would be impossible since the appropriate probability distribution for the computation would be unknown.\n\n\n# Verification of C.L.T. through a simulation\n\nLastly, let us verify the central limit theorem through a short simulation. Here, we assume the population distribution is highly skewed to the right.\n\n```{webr-r}\n## C.L.T. Simulation for exponential population distributions\nset.seed(2024)\nm<-500\nx<-1:10000/500\n\nplot(x,dexp(x,1/9),lwd=3,type=\"l\",main=\"Population distribution: Highly Skewed Version\")\nabline(v=9,col=\"blue\",lwd=3,lty=2)\nlegend(\"topright\",legend=c(\"true mean\"),lwd=2,col=c(\"blue\"),lty=2)\n\nsam_dist_mean_exp<-function(N=30)\n{\nsample_means<-NULL\nfor(i in 1:m)\n  sample_means[i]<-mean(rexp(N,1/9))\nhist(sample_means,probability=TRUE,lwd=2,col=\"brown\",main=paste(\"Sampling Dist'n of sample mean: n=\",N),xlim=c(0,20))\n\nabline(v=9,col=\"blue\",lwd=2,lty=2)\ncurve(dnorm(x,9,9/sqrt(N)),add=TRUE,lwd=2)\n}\npar(mfrow=c(2,2))\nsam_dist_mean_exp(2)\nsam_dist_mean_exp(5)\nsam_dist_mean_exp(15)\nsam_dist_mean_exp(30)\npar(mfrow=c(1,1))\n```\n\nNote that the shape of the histogram (the empirical sample mean distribution) converges toward the theoretical sampling distribution (represented by the black curve) as the sample size increases from $n=2$ to $n=30$.\n\n## Lab Questions\n\n1.  A survey indicates that the average American family produces 17.2 pounds of glass waste per year, with a population standard deviation of 2.5 pounds. Calculate the probability that the sample mean for a group of 55 families will fall between 17 and 18 pounds.\n\n<!-- -->\n\ni.  Can we use the C.L.T. for the probability calculation?\\\n    True / False\n\nii. Calculate the probability.\n\n```{webr-r}\n\n```\n\n2.  The average teacher's salary in New Jersey is \\$62,174, assuming a normal distribution with a standard deviation of \\$8,500.\n\n<!-- -->\n\ni.  What is the probability that a randomly selected teacher makes less than \\$60,000 per year?\n\n```{webr-r}\n\n```\n\nii. If we sample 100 teachers' salaries, what is the probability that the sample mean is less than \\$60,000 per year?\n\n```{webr-r}\n\n```\n\niii. Why is the probability in part (i) higher than the probability in part (ii)?\n\n\n**Click [HERE](https://coursesite.lehigh.edu/mod/quiz/view.php?id=5992461){target=\"_blank\"} to submit your answers.**"},"formats":{"html":{"identifier":{"display-name":"HTML","target-format":"html","base-format":"html"},"execute":{"fig-width":7,"fig-height":5,"fig-format":"retina","fig-dpi":96,"df-print":"default","error":false,"eval":true,"cache":null,"freeze":false,"echo":true,"output":true,"warning":true,"include":true,"keep-md":false,"keep-ipynb":false,"ipynb":null,"enabled":null,"daemon":null,"daemon-restart":false,"debug":false,"ipynb-filters":[],"ipynb-shell-interactivity":null,"plotly-connected":true,"engine":"markdown"},"render":{"keep-tex":false,"keep-typ":false,"keep-source":false,"keep-hidden":false,"prefer-html":false,"output-divs":true,"output-ext":"html","fig-align":"default","fig-pos":null,"fig-env":null,"code-fold":"none","code-overflow":"scroll","code-link":false,"code-line-numbers":false,"code-tools":false,"tbl-colwidths":"auto","merge-includes":true,"inline-includes":false,"preserve-yaml":false,"latex-auto-mk":true,"latex-auto-install":true,"latex-clean":true,"latex-min-runs":1,"latex-max-runs":10,"latex-makeindex":"makeindex","latex-makeindex-opts":[],"latex-tlmgr-opts":[],"latex-input-paths":[],"latex-output-dir":null,"link-external-icon":false,"link-external-newwindow":false,"self-contained-math":false,"format-resources":[],"notebook-links":true},"pandoc":{"standalone":true,"wrap":"none","default-image-extension":"png","to":"html","filters":["webr"],"toc":true,"css":["styles.css"],"output-file":"Lab_9.html"},"language":{"toc-title-document":"Table of contents","toc-title-website":"On this page","related-formats-title":"Other Formats","related-notebooks-title":"Notebooks","source-notebooks-prefix":"Source","other-links-title":"Other Links","code-links-title":"Code Links","launch-dev-container-title":"Launch Dev Container","launch-binder-title":"Launch Binder","article-notebook-label":"Article Notebook","notebook-preview-download":"Download Notebook","notebook-preview-download-src":"Download Source","notebook-preview-back":"Back to Article","manuscript-meca-bundle":"MECA Bundle","section-title-abstract":"Abstract","section-title-appendices":"Appendices","section-title-footnotes":"Footnotes","section-title-references":"References","section-title-reuse":"Reuse","section-title-copyright":"Copyright","section-title-citation":"Citation","appendix-attribution-cite-as":"For attribution, please cite this work as:","appendix-attribution-bibtex":"BibTeX citation:","appendix-view-license":"View License","title-block-author-single":"Author","title-block-author-plural":"Authors","title-block-affiliation-single":"Affiliation","title-block-affiliation-plural":"Affiliations","title-block-published":"Published","title-block-modified":"Modified","title-block-keywords":"Keywords","callout-tip-title":"Tip","callout-note-title":"Note","callout-warning-title":"Warning","callout-important-title":"Important","callout-caution-title":"Caution","code-summary":"Code","code-tools-menu-caption":"Code","code-tools-show-all-code":"Show All Code","code-tools-hide-all-code":"Hide All Code","code-tools-view-source":"View Source","code-tools-source-code":"Source Code","tools-share":"Share","tools-download":"Download","code-line":"Line","code-lines":"Lines","copy-button-tooltip":"Copy to Clipboard","copy-button-tooltip-success":"Copied!","repo-action-links-edit":"Edit this page","repo-action-links-source":"View source","repo-action-links-issue":"Report an issue","back-to-top":"Back to top","search-no-results-text":"No results","search-matching-documents-text":"matching documents","search-copy-link-title":"Copy link to search","search-hide-matches-text":"Hide additional matches","search-more-match-text":"more match in this document","search-more-matches-text":"more matches in this document","search-clear-button-title":"Clear","search-text-placeholder":"","search-detached-cancel-button-title":"Cancel","search-submit-button-title":"Submit","search-label":"Search","toggle-section":"Toggle section","toggle-sidebar":"Toggle sidebar navigation","toggle-dark-mode":"Toggle dark mode","toggle-reader-mode":"Toggle reader mode","toggle-navigation":"Toggle navigation","crossref-fig-title":"Figure","crossref-tbl-title":"Table","crossref-lst-title":"Listing","crossref-thm-title":"Theorem","crossref-lem-title":"Lemma","crossref-cor-title":"Corollary","crossref-prp-title":"Proposition","crossref-cnj-title":"Conjecture","crossref-def-title":"Definition","crossref-exm-title":"Example","crossref-exr-title":"Exercise","crossref-ch-prefix":"Chapter","crossref-apx-prefix":"Appendix","crossref-sec-prefix":"Section","crossref-eq-prefix":"Equation","crossref-lof-title":"List of Figures","crossref-lot-title":"List of Tables","crossref-lol-title":"List of Listings","environment-proof-title":"Proof","environment-remark-title":"Remark","environment-solution-title":"Solution","listing-page-order-by":"Order By","listing-page-order-by-default":"Default","listing-page-order-by-date-asc":"Oldest","listing-page-order-by-date-desc":"Newest","listing-page-order-by-number-desc":"High to Low","listing-page-order-by-number-asc":"Low to High","listing-page-field-date":"Date","listing-page-field-title":"Title","listing-page-field-description":"Description","listing-page-field-author":"Author","listing-page-field-filename":"File Name","listing-page-field-filemodified":"Modified","listing-page-field-subtitle":"Subtitle","listing-page-field-readingtime":"Reading Time","listing-page-field-wordcount":"Word Count","listing-page-field-categories":"Categories","listing-page-minutes-compact":"{0} min","listing-page-category-all":"All","listing-page-no-matches":"No matching items","listing-page-words":"{0} words","listing-page-filter":"Filter","draft":"Draft"},"metadata":{"lang":"en","fig-responsive":true,"quarto-version":"1.5.56","editor":"visual","theme":"sketchy","title":"Lab 9","webr":{"show-startup-message":true}},"extensions":{"book":{"multiFile":true}}}},"projectFormats":["html"]}