{"title":"Lab 10","markdown":{"yaml":{"title":"Lab 10","webr":{"show-startup-message":true}},"headingText":"points(x, i, pch=20, cex=1.2, col=col)","containsRefs":false,"markdown":"\n\n```{webr-r}\n#| context: setup\n\nCI_Plot<-function(lo, hi, m){\n  par(mar=c(2, 1, 1, 1), mgp=c(2.7, 0.7, 0))\n  k <- 50\n  ci.max <- max(rowSums(matrix(c(-1*lo,hi),ncol=2)))\n\n  xR <- m + ci.max*c(-1, 1)\n  yR <- c(0, 41*k/40)\n\n  plot(xR, yR, type='n', xlab='', ylab='', axes=FALSE)\n  abline(v=m, lty=2, col='#00000088')\n  axis(1, at=m, paste(\"mu = \",round(m,4)), cex.axis=1.15)\n  #axis(2)\n  for(i in 1:k){\n    x <- mean(c(hi[i],lo[i]))\n\t  ci <- c(lo[i],hi[i])\n\t  if(contains(lo[i],hi[i],m)==FALSE){\n\t\t  col <- \"#F05133\"\n\t\t  points(x, i, cex=1.4, col=col)\n\t\t  lines(ci, rep(i, 2), col=col, lwd=5)\n\t  }\n\t  col <- 1\n  \tpoints(x, i, pch=20, cex=1.2, col=col)\n\t  lines(ci, rep(i, 2), col=col)\n  }\n}\ncontains<-function(lo,hi,m){\n   if(m>= lo & m <= hi) return(TRUE)\n   else return(FALSE)\n}\nset.seed(2024)\nM.Height <- c(rnorm(1000,68,2.7),runif(1000,64,72),rnorm(1000,72,2.7),runif(500,62,78) )\nM.Height <- M.Height*1.0184221-0.001543042\n```\n::: {.hidden}\n\\let\\OldTexttt\\texttt\n\\renewcommand{\\txt}[1]{\\OldTexttt{\\color{brown}{#1}}}\n:::\n\n# Inferential Statistics (I)\n\nIn inferential statistics, we assume there is an [unknown target parameter]{style=\"color:blue;\"} that characterizes the population. In this class, our target parameter is usually a population mean or proportion; however, it could be any characteristic of the population that interests us. Our goal is to estimate or make a claim about this parameter using various statistical procedures, such as interval estimation or hypothesis testing. These procedures are widely used across disciplines, and understanding these concepts will be [greatly beneficial]{style=\"color:blue;\"} for your future studies in your major.\n\n## Random Sample\n\nLet’s start with the concept of a random sample. Our population represents a **LARGE** set of data, and we typically assume we have limited or no information about it. For example, suppose we are interested in the average height of male students at Lehigh. In this case, our population consists of the height measurements of all male students at Lehigh. In this lab, we will use a hypothetical population with a mean $\\mu=70.77$ and a standard deviation $\\sigma=3.5$ for this scenario. Note that, [for illustration purposes]{style=\"color:red;\"}, we have access to all measurement data in this example.\n\n```{webr-r}\n# We assume the population consists of 3500 measurements.\nprint(n <- length(M.Height))\n# This population is designed to have the mean of 70.77.\nprint(mu <- mean(M.Height))\n# This population is designed to have the standard deviation 3.5.\nprint(sigma <- sd(M.Height))\n# The first six measurements\nhead(M.Height)\n```\n\nFrom the population, we can randomly draw a sample of size $n=50$ using the $\\txt{sample()}$ function. Since the population is large enough, we are able to assume the obtained data is independent and identically distributed.\n\n```{webr-r}\n# Random sampling \nn<-50\nmy.sample <- sample(M.Height,n)\nhist(my.sample)\n```\n\nEach time you repeat the sampling, the 50 measurements will differ due to sampling variability, causing the histogram’s shape to change.\n\n## Confidence Interval (CI)\n\n# Form of confidence interval\n\nThe **confidence interval** is the most widely used interval estimation procedure for a target parameter. When a population mean $\\mu$ is the target parameter, we use the following formula for constructing the interval: $$\n[\\text{Lower bound},\\;\\text{Upper bound}]=\\left[\\bar{x}-|z_{\\alpha/2}|\\times \\tfrac{\\sigma}{\\sqrt{n}},\\;\\bar{x}+|z_{\\alpha/2}|\\times \\tfrac{\\sigma}{\\sqrt{n}}\\right]\n$$\n\n-   The sample mean $\\bar{x}$ serves as the point estimate, representing the best estimate of $\\mu$ based on the observed sample.\n-   $|z_{\\alpha/2}|$ is the cut-off value that reflects the confidence level.\n-   $\\sigma/\\sqrt{n}$ is the standard error, which reflects the variability of the sample mean.\n\nLet us construct the 90% confidence interval for the population mean $\\mu$ (i.e., the population average height).\n\n```{webr-r}\n## Three components\nxbar <- mean(my.sample)\ncut_off <- 1.645\nse <- sigma/sqrt(n)\n## Lower and Upper limit\nL.Bound <- xbar - cut_off*se\nU.Bound <- xbar + cut_off*se\nprint(CI <- c(L.Bound,U.Bound))\n```\n\nSince each of us has a different sample, the corresponding confidence interval (CI) will also vary.\n\nIn real-world settings, it's impossible to know whether a computed confidence interval truly contains the target parameter $\\mu$. However, using our hypothetical population, we can directly assess this!\n\n```{webr-r}\n## Checking the Coverage!\n## Lower Bound of CI < mu < Upper Bound of CI\nCI[1] < mu & mu < CI[2]\n```\n\nDoes your confidence interval contain the target parameter? Or does your fellow student's interval contain it?\n\n# Confidence level and coverage\n\nWe have constructed the 90% confidence interval, but what does \"90% confidence\" mean? It means that 90% of intervals from repeated samples will contain the true target parameter $\\mu$.\n\nThe cut-off value of 1.645 was chosen to ensure 90% coverage. Similarly, we use larger values 1.96 and 2.58 to achieve 95% and 99% coverage, respectively.\n\nLet us actually confirm this result by creating 50 CIs in the following simple simulation.\n\n```{webr-r}\n# Initialize a null vector to save the multiple sample means\nxbars <- NULL\n# Calculate 50 sample means repeatedly\nfor(i in 1:50){\n  re.sample <- sample(M.Height,n)\n  xbars[i] <- mean(re.sample)\n}\n# Three sets of CIs: 90%, 95%, and 99%\nL.Bounds1 <- xbars - 1.645*se;U.Bounds1 <- xbars + 1.645*se\nL.Bounds2 <- xbars - 1.96*se;U.Bounds2 <- xbars + 1.96*se\nL.Bounds3 <- xbars - 2.58*se;U.Bounds3 <- xbars + 2.58*se\n# Plots\npar(mfrow=c(1,3))\nCI_Plot(L.Bounds1,U.Bounds1,mu)\nCI_Plot(L.Bounds2,U.Bounds2,mu)\nCI_Plot(L.Bounds3,U.Bounds3,mu)\npar(mfrow=c(1,1))\n```\n\nYou can run the code a few times, as the exact coverage may not be 90%, 95%, or 99% due to randomness. However, on average, you should observe that approximately \"5\" CIs, \"2 or 3\" CIs, and \"0 or 1\" CI will not contain the true parameter out of a total of 50 CIs, respectively.\n\n# Interpretation of confidence interval\n\nReturning to the real-world scenario, note that we only collect a [SINGLE]{style=\"color:red;\"} sample of size $n$. Since the target parameter is [UNKNOWN]{style=\"color:red;\"}, we can **never** know for sure whether the computed confidence interval (CI) contains the true parameter. Once a CI is computed, it consists of a pair of constants (lower and upper bounds), and since we cannot assign a probability to these constants, we use the term \"confidence\" instead. This indirect expression reflects our earlier observation that, [if the CI were constructed repeatedly, it would contain the true parameter approximately the proportion of times specified by the confidence level]{style=\"color:blue;\"}.\n\nFinally, we use one of the following interpretations:\n\n-   \"We are $100(1-\\alpha)$% confident that the true parameter falls into the resulting confidence interval, \\[computed lower bound\\] and \\[computed upper bound\\].\"\n-   \"We have $100(1-\\alpha)$% confidence that the resulting confidence interval, \\[computed lower bound\\] and \\[computed upper bound\\], covers the true parameter.\"\n\n## Lab Questions\n\nSuppose we are interested in the average mileage (in miles/gallon, or mpg) of passenger cars in 1970s. Let us assume that we know the population standard deviation, $\\sigma=6$. Our goal is to construct a 95% confidence interval for the population mean mileage. To achieve this goal, we use the variable $\\txt{mpg}$ from the built-in data set $\\txt{mtcars}$ as our sample.\n\n1.  What is the sample size?\n\n```{webr-r}\n\n```\n\n2.  Compute the three components: point estimate, cut-off, and standard error.\n\n```{webr-r}\n\n```\n\n3.  Construct the 95% CI for population mean mileage.\n\n```{webr-r}\n\n\n```\n\n4.  Provide a careful interpretation withing the context of the problem.\n\n\n**Click [HERE](https://coursesite.lehigh.edu/mod/quiz/view.php?id=5999790){target=\"_blank\"} to submit your answers.**\n","srcMarkdownNoYaml":"\n\n```{webr-r}\n#| context: setup\n\nCI_Plot<-function(lo, hi, m){\n  par(mar=c(2, 1, 1, 1), mgp=c(2.7, 0.7, 0))\n  k <- 50\n  ci.max <- max(rowSums(matrix(c(-1*lo,hi),ncol=2)))\n\n  xR <- m + ci.max*c(-1, 1)\n  yR <- c(0, 41*k/40)\n\n  plot(xR, yR, type='n', xlab='', ylab='', axes=FALSE)\n  abline(v=m, lty=2, col='#00000088')\n  axis(1, at=m, paste(\"mu = \",round(m,4)), cex.axis=1.15)\n  #axis(2)\n  for(i in 1:k){\n    x <- mean(c(hi[i],lo[i]))\n\t  ci <- c(lo[i],hi[i])\n\t  if(contains(lo[i],hi[i],m)==FALSE){\n\t\t  col <- \"#F05133\"\n\t\t  points(x, i, cex=1.4, col=col)\n#\t\t  points(x, i, pch=20, cex=1.2, col=col)\n\t\t  lines(ci, rep(i, 2), col=col, lwd=5)\n\t  }\n\t  col <- 1\n  \tpoints(x, i, pch=20, cex=1.2, col=col)\n\t  lines(ci, rep(i, 2), col=col)\n  }\n}\ncontains<-function(lo,hi,m){\n   if(m>= lo & m <= hi) return(TRUE)\n   else return(FALSE)\n}\nset.seed(2024)\nM.Height <- c(rnorm(1000,68,2.7),runif(1000,64,72),rnorm(1000,72,2.7),runif(500,62,78) )\nM.Height <- M.Height*1.0184221-0.001543042\n```\n::: {.hidden}\n\\let\\OldTexttt\\texttt\n\\renewcommand{\\txt}[1]{\\OldTexttt{\\color{brown}{#1}}}\n:::\n\n# Inferential Statistics (I)\n\nIn inferential statistics, we assume there is an [unknown target parameter]{style=\"color:blue;\"} that characterizes the population. In this class, our target parameter is usually a population mean or proportion; however, it could be any characteristic of the population that interests us. Our goal is to estimate or make a claim about this parameter using various statistical procedures, such as interval estimation or hypothesis testing. These procedures are widely used across disciplines, and understanding these concepts will be [greatly beneficial]{style=\"color:blue;\"} for your future studies in your major.\n\n## Random Sample\n\nLet’s start with the concept of a random sample. Our population represents a **LARGE** set of data, and we typically assume we have limited or no information about it. For example, suppose we are interested in the average height of male students at Lehigh. In this case, our population consists of the height measurements of all male students at Lehigh. In this lab, we will use a hypothetical population with a mean $\\mu=70.77$ and a standard deviation $\\sigma=3.5$ for this scenario. Note that, [for illustration purposes]{style=\"color:red;\"}, we have access to all measurement data in this example.\n\n```{webr-r}\n# We assume the population consists of 3500 measurements.\nprint(n <- length(M.Height))\n# This population is designed to have the mean of 70.77.\nprint(mu <- mean(M.Height))\n# This population is designed to have the standard deviation 3.5.\nprint(sigma <- sd(M.Height))\n# The first six measurements\nhead(M.Height)\n```\n\nFrom the population, we can randomly draw a sample of size $n=50$ using the $\\txt{sample()}$ function. Since the population is large enough, we are able to assume the obtained data is independent and identically distributed.\n\n```{webr-r}\n# Random sampling \nn<-50\nmy.sample <- sample(M.Height,n)\nhist(my.sample)\n```\n\nEach time you repeat the sampling, the 50 measurements will differ due to sampling variability, causing the histogram’s shape to change.\n\n## Confidence Interval (CI)\n\n# Form of confidence interval\n\nThe **confidence interval** is the most widely used interval estimation procedure for a target parameter. When a population mean $\\mu$ is the target parameter, we use the following formula for constructing the interval: $$\n[\\text{Lower bound},\\;\\text{Upper bound}]=\\left[\\bar{x}-|z_{\\alpha/2}|\\times \\tfrac{\\sigma}{\\sqrt{n}},\\;\\bar{x}+|z_{\\alpha/2}|\\times \\tfrac{\\sigma}{\\sqrt{n}}\\right]\n$$\n\n-   The sample mean $\\bar{x}$ serves as the point estimate, representing the best estimate of $\\mu$ based on the observed sample.\n-   $|z_{\\alpha/2}|$ is the cut-off value that reflects the confidence level.\n-   $\\sigma/\\sqrt{n}$ is the standard error, which reflects the variability of the sample mean.\n\nLet us construct the 90% confidence interval for the population mean $\\mu$ (i.e., the population average height).\n\n```{webr-r}\n## Three components\nxbar <- mean(my.sample)\ncut_off <- 1.645\nse <- sigma/sqrt(n)\n## Lower and Upper limit\nL.Bound <- xbar - cut_off*se\nU.Bound <- xbar + cut_off*se\nprint(CI <- c(L.Bound,U.Bound))\n```\n\nSince each of us has a different sample, the corresponding confidence interval (CI) will also vary.\n\nIn real-world settings, it's impossible to know whether a computed confidence interval truly contains the target parameter $\\mu$. However, using our hypothetical population, we can directly assess this!\n\n```{webr-r}\n## Checking the Coverage!\n## Lower Bound of CI < mu < Upper Bound of CI\nCI[1] < mu & mu < CI[2]\n```\n\nDoes your confidence interval contain the target parameter? Or does your fellow student's interval contain it?\n\n# Confidence level and coverage\n\nWe have constructed the 90% confidence interval, but what does \"90% confidence\" mean? It means that 90% of intervals from repeated samples will contain the true target parameter $\\mu$.\n\nThe cut-off value of 1.645 was chosen to ensure 90% coverage. Similarly, we use larger values 1.96 and 2.58 to achieve 95% and 99% coverage, respectively.\n\nLet us actually confirm this result by creating 50 CIs in the following simple simulation.\n\n```{webr-r}\n# Initialize a null vector to save the multiple sample means\nxbars <- NULL\n# Calculate 50 sample means repeatedly\nfor(i in 1:50){\n  re.sample <- sample(M.Height,n)\n  xbars[i] <- mean(re.sample)\n}\n# Three sets of CIs: 90%, 95%, and 99%\nL.Bounds1 <- xbars - 1.645*se;U.Bounds1 <- xbars + 1.645*se\nL.Bounds2 <- xbars - 1.96*se;U.Bounds2 <- xbars + 1.96*se\nL.Bounds3 <- xbars - 2.58*se;U.Bounds3 <- xbars + 2.58*se\n# Plots\npar(mfrow=c(1,3))\nCI_Plot(L.Bounds1,U.Bounds1,mu)\nCI_Plot(L.Bounds2,U.Bounds2,mu)\nCI_Plot(L.Bounds3,U.Bounds3,mu)\npar(mfrow=c(1,1))\n```\n\nYou can run the code a few times, as the exact coverage may not be 90%, 95%, or 99% due to randomness. However, on average, you should observe that approximately \"5\" CIs, \"2 or 3\" CIs, and \"0 or 1\" CI will not contain the true parameter out of a total of 50 CIs, respectively.\n\n# Interpretation of confidence interval\n\nReturning to the real-world scenario, note that we only collect a [SINGLE]{style=\"color:red;\"} sample of size $n$. Since the target parameter is [UNKNOWN]{style=\"color:red;\"}, we can **never** know for sure whether the computed confidence interval (CI) contains the true parameter. Once a CI is computed, it consists of a pair of constants (lower and upper bounds), and since we cannot assign a probability to these constants, we use the term \"confidence\" instead. This indirect expression reflects our earlier observation that, [if the CI were constructed repeatedly, it would contain the true parameter approximately the proportion of times specified by the confidence level]{style=\"color:blue;\"}.\n\nFinally, we use one of the following interpretations:\n\n-   \"We are $100(1-\\alpha)$% confident that the true parameter falls into the resulting confidence interval, \\[computed lower bound\\] and \\[computed upper bound\\].\"\n-   \"We have $100(1-\\alpha)$% confidence that the resulting confidence interval, \\[computed lower bound\\] and \\[computed upper bound\\], covers the true parameter.\"\n\n## Lab Questions\n\nSuppose we are interested in the average mileage (in miles/gallon, or mpg) of passenger cars in 1970s. Let us assume that we know the population standard deviation, $\\sigma=6$. Our goal is to construct a 95% confidence interval for the population mean mileage. To achieve this goal, we use the variable $\\txt{mpg}$ from the built-in data set $\\txt{mtcars}$ as our sample.\n\n1.  What is the sample size?\n\n```{webr-r}\n\n```\n\n2.  Compute the three components: point estimate, cut-off, and standard error.\n\n```{webr-r}\n\n```\n\n3.  Construct the 95% CI for population mean mileage.\n\n```{webr-r}\n\n\n```\n\n4.  Provide a careful interpretation withing the context of the problem.\n\n\n**Click [HERE](https://coursesite.lehigh.edu/mod/quiz/view.php?id=5999790){target=\"_blank\"} to submit your answers.**\n"},"formats":{"html":{"identifier":{"display-name":"HTML","target-format":"html","base-format":"html"},"execute":{"fig-width":7,"fig-height":5,"fig-format":"retina","fig-dpi":96,"df-print":"default","error":false,"eval":true,"cache":null,"freeze":false,"echo":true,"output":true,"warning":true,"include":true,"keep-md":false,"keep-ipynb":false,"ipynb":null,"enabled":null,"daemon":null,"daemon-restart":false,"debug":false,"ipynb-filters":[],"ipynb-shell-interactivity":null,"plotly-connected":true,"engine":"markdown"},"render":{"keep-tex":false,"keep-typ":false,"keep-source":false,"keep-hidden":false,"prefer-html":false,"output-divs":true,"output-ext":"html","fig-align":"default","fig-pos":null,"fig-env":null,"code-fold":"none","code-overflow":"scroll","code-link":false,"code-line-numbers":false,"code-tools":false,"tbl-colwidths":"auto","merge-includes":true,"inline-includes":false,"preserve-yaml":false,"latex-auto-mk":true,"latex-auto-install":true,"latex-clean":true,"latex-min-runs":1,"latex-max-runs":10,"latex-makeindex":"makeindex","latex-makeindex-opts":[],"latex-tlmgr-opts":[],"latex-input-paths":[],"latex-output-dir":null,"link-external-icon":false,"link-external-newwindow":false,"self-contained-math":false,"format-resources":[],"notebook-links":true},"pandoc":{"standalone":true,"wrap":"none","default-image-extension":"png","to":"html","filters":["webr"],"toc":true,"css":["styles.css"],"output-file":"Lab_10.html"},"language":{"toc-title-document":"Table of contents","toc-title-website":"On this page","related-formats-title":"Other Formats","related-notebooks-title":"Notebooks","source-notebooks-prefix":"Source","other-links-title":"Other Links","code-links-title":"Code Links","launch-dev-container-title":"Launch Dev Container","launch-binder-title":"Launch Binder","article-notebook-label":"Article Notebook","notebook-preview-download":"Download Notebook","notebook-preview-download-src":"Download Source","notebook-preview-back":"Back to Article","manuscript-meca-bundle":"MECA Bundle","section-title-abstract":"Abstract","section-title-appendices":"Appendices","section-title-footnotes":"Footnotes","section-title-references":"References","section-title-reuse":"Reuse","section-title-copyright":"Copyright","section-title-citation":"Citation","appendix-attribution-cite-as":"For attribution, please cite this work as:","appendix-attribution-bibtex":"BibTeX citation:","appendix-view-license":"View License","title-block-author-single":"Author","title-block-author-plural":"Authors","title-block-affiliation-single":"Affiliation","title-block-affiliation-plural":"Affiliations","title-block-published":"Published","title-block-modified":"Modified","title-block-keywords":"Keywords","callout-tip-title":"Tip","callout-note-title":"Note","callout-warning-title":"Warning","callout-important-title":"Important","callout-caution-title":"Caution","code-summary":"Code","code-tools-menu-caption":"Code","code-tools-show-all-code":"Show All Code","code-tools-hide-all-code":"Hide All Code","code-tools-view-source":"View Source","code-tools-source-code":"Source Code","tools-share":"Share","tools-download":"Download","code-line":"Line","code-lines":"Lines","copy-button-tooltip":"Copy to Clipboard","copy-button-tooltip-success":"Copied!","repo-action-links-edit":"Edit this page","repo-action-links-source":"View source","repo-action-links-issue":"Report an issue","back-to-top":"Back to top","search-no-results-text":"No results","search-matching-documents-text":"matching documents","search-copy-link-title":"Copy link to search","search-hide-matches-text":"Hide additional matches","search-more-match-text":"more match in this document","search-more-matches-text":"more matches in this document","search-clear-button-title":"Clear","search-text-placeholder":"","search-detached-cancel-button-title":"Cancel","search-submit-button-title":"Submit","search-label":"Search","toggle-section":"Toggle section","toggle-sidebar":"Toggle sidebar navigation","toggle-dark-mode":"Toggle dark mode","toggle-reader-mode":"Toggle reader mode","toggle-navigation":"Toggle navigation","crossref-fig-title":"Figure","crossref-tbl-title":"Table","crossref-lst-title":"Listing","crossref-thm-title":"Theorem","crossref-lem-title":"Lemma","crossref-cor-title":"Corollary","crossref-prp-title":"Proposition","crossref-cnj-title":"Conjecture","crossref-def-title":"Definition","crossref-exm-title":"Example","crossref-exr-title":"Exercise","crossref-ch-prefix":"Chapter","crossref-apx-prefix":"Appendix","crossref-sec-prefix":"Section","crossref-eq-prefix":"Equation","crossref-lof-title":"List of Figures","crossref-lot-title":"List of Tables","crossref-lol-title":"List of Listings","environment-proof-title":"Proof","environment-remark-title":"Remark","environment-solution-title":"Solution","listing-page-order-by":"Order By","listing-page-order-by-default":"Default","listing-page-order-by-date-asc":"Oldest","listing-page-order-by-date-desc":"Newest","listing-page-order-by-number-desc":"High to Low","listing-page-order-by-number-asc":"Low to High","listing-page-field-date":"Date","listing-page-field-title":"Title","listing-page-field-description":"Description","listing-page-field-author":"Author","listing-page-field-filename":"File Name","listing-page-field-filemodified":"Modified","listing-page-field-subtitle":"Subtitle","listing-page-field-readingtime":"Reading Time","listing-page-field-wordcount":"Word Count","listing-page-field-categories":"Categories","listing-page-minutes-compact":"{0} min","listing-page-category-all":"All","listing-page-no-matches":"No matching items","listing-page-words":"{0} words","listing-page-filter":"Filter","draft":"Draft"},"metadata":{"lang":"en","fig-responsive":true,"quarto-version":"1.5.56","editor":"visual","theme":"sketchy","title":"Lab 10","webr":{"show-startup-message":true}},"extensions":{"book":{"multiFile":true}}}},"projectFormats":["html"]}