{"title":"Lab 2","markdown":{"yaml":{"title":"Lab 2","webr":{"show-startup-message":true}},"headingText":"Introduction to R (II)","containsRefs":false,"markdown":"\n::: {.hidden}\n\\let\\OldTexttt\\texttt\n\\renewcommand{\\txt}[1]{\\OldTexttt{\\color{brown}{#1}}}\n:::\n\n\n## Basic **R** Object: Vector\n\nA vector is a sequence of finite elements and serves as the basic object in **R**. For example, a single number like \"3\" is considered a vector of length 1. It is a highly relevant object from a statistical perspective, as it allows us to store variables in vector objects. To create a vector, we use the $\\txt{c()}$ function, where the name is an abbreviation of **\"combine\"**. For example, suppose we need to create a vector for a set of elements representing weight observations.\n\n```{webr-r}\nc(150.2,178.6,190,144.3,202.2,165,163.5)\n```\n\nAs learned, we can assign a descriptive variable name to the vector:\n\n```{webr-r}\nweight_pound <- c(150.2,178.6,190,144.3,202.2,165,163.5)\nweight_pound\n```\n\nRemark: We can condense the double line process (saving and printing) into a single line by wrapping the assignment process with the $\\txt{print()}$ function.\n\n```{webr-r}\nprint(weight_pound <- c(150.2,178.6,190,144.3,202.2,165,163.5))\n```\n\nIf we want to create an integer vector, then the $\\txt{:}$ operator or $\\txt{seq()}$ function offer efficient solutions.\n\n```{webr-r}\nprint(loss <- 1:7)\nprint(half_sequence <- seq(1,10,by=0.5))\n## Use ?seq for further information.\n## Quick Question: \n## Is it possible to recreate \"half_sequence\" using the : operator?\n```\n\nOf course, we can combine two vectors by using the $\\txt{c()}$ function again.\n\n```{webr-r}\nc(weight_pound,half_sequence)\n```\n\n## Vector Operations in **R**\n\nOne of the powerful features of vectors in **R** is the ability to perform the same calculation on every element with a single command, i.e., element-wise operation. For example, when converting weights from pounds to kilograms, we can multiply 0.454. This operation can be applied to all the numbers in a vector simultaneously:\n\n```{webr-r}\nprint(weight_kg <- weight_pound * 0.454)\n```\n\nThe operation between two vectors is also element-wise in **R**.\n\n```{webr-r}\nweight_kg\nloss\nprint(weight_update <- weight_kg - loss)\n```\n\n## Vector Subsetting\n\nTo access a specific element in a vector, you add square brackets after the vector name and place the index of the desired element inside the brackets. The \"index\" refers to the position of the item within the vector, with the first element having an index of 1, and so on. For example, suppose we want to subset the vector $\\txt{weight\\_pound}$:\n\n```{webr-r}\nweight_pound\n## The third element.\nweight_pound[3]\n```\n\nIt is also possible to extract multiple elements in a vector.\n\n```{webr-r}\nweight_pound\n## the first three elements.\nweight_pound[1:3]\n## The first and last elements.\nweight_pound[c(1,7)]\n```\n\nLastly, we can exclude particular elements.\n\n```{webr-r}\nweight_pound\n## exclude the first element.\nweight_pound[-1]\n## exclude the first and last elements.\nweight_pound[-c(1,7)]\n```\n\n#### Example\n\nConsider the vector $\\txt{weight\\_update}$:\n\n1.  Extract the fifth and sixth elements.\n2.  Extract the last four elemtns.\n3.  Extract all but the last elements.\n\n```{webr-r}\n## 1\n\n## 2\n\n## 3\n```\n\n## Length\n\nWhen the number of elements in a vector (equivalently, the number of observations in a variable, or simply the sample size) is unknown, we can simply use the $\\txt{length()}$ function to obtain this information.\n\n```{webr-r}\nlength(weight_pound)\nlength(c(weight_pound,half_sequence))\n```\n\n## Summation\n\nWe can also easily calculate the summation of a vector by using the functions, $\\txt{sum()}$.\n\n```{webr-r}\nsum(weight_pound)\nsum(weight_kg)\n```\n\n## Measure of Center\n\nAs we discussed in class, we can use the \"mean\" and \"median\" to measure the central tendency of our data, with the mode also being an option in some cases. In **R**, the functions $\\txt{mean()}$ and $\\txt{median()}$ can be used to obtain the mean and median of a vector, respectively.\n\n```{webr-r}\nmean(weight_pound)\nmedian(weight_pound)\n```\n\n#### Example\n\nCompute the mean of $\\txt{weight\\_kg}$ by using $\\txt{sum()}$ and $\\txt{length()}$ functions. (Do not use $\\txt{mean()}$ function.)\n\n```{webr-r}\n# mean weight in kilograms\n\n```\n\n## Lab Questions\n\n1.  BMI is a measurement of a person's leanness or corpulence based on their height and weight, and is intended to quantify tissue mass. It is widely used as a general indicator of whether a person has a healthy body weight for their height and it is defined by: $$\\textbf{BMI}=703\\times \\frac{\\text{weight (lb)}}{ \\text{(height (in)})^2}$$ Suppose the previously obtained vector $\\txt{weight\\_pound}$ is the weights of seven Lehigh students. Also, the corresponding height observations in inches are $$70,\\;72,\\;72.5,\\;66,\\;74,\\;66.5,\\;72.$$\n\n<!-- -->\n\ni)  Save the height observations in a vector by using a descriptive name.\nii) Calculate the BMIs of the seven students.\niii) Compute the mean and median of the BMIs.\niv) Compute the mean BMI of the first three students and the mean BMI of the last four students.\n\n```{webr-r}\n## i\n\n## ii\n\n## iii\n\n## iv\n```\n\n````{=html}\n<!--\n2. People often underreport how frequently they engage in antisocial behaviors like peeing in swimming pools. Urine, beyond being unpleasant, reacts with chlorine to produce toxic chemicals like trichloramine, a common cause of skin irritation for swimmers. Researchers found that the artificial sweetener ACE, which passes through the body unmetabolized and in consistent amounts, can be used to measure the amount of urine in a pool by analyzing ACE concentrations.\nBelow is a list of ACE concentrations (measured in ng/L) from 15 different pools in the US:\n$$ 438,  211,  640,   85,   83,  350,  138,   49,  465,  489,55, 1086,   71, 1058,  247.$$\n\n\n\ni) In **R**, create a vector of these data and give it an appropriate name. (Uncomment and use the data.)\n\nii) What is the mean ACE concentration in these 15 pools?\n\niii) Since urine contains an average ACE of 4000 ng/ml, we can obtain the urin concentration (ml/L) by dividing each value by 4000 from the ACE concentration data. Compute the urin concentration and it a suitable name.\n\niv) What is the mean urine concentration (in ml) per liter? \n\nv) Use R to calculate the average amount of urine (in ml) in a 500,000 L pool.\n\n```{webr-r}\n## i\n# 438,211,640,85,83,350,138,49,465,489,55,1086,71,1058,247\n\n## ii\n\n## iii\n\n## iv\n\n## v\n\n```\n -->\n````\n\n\n**Click [HERE](https://coursesite.lehigh.edu/mod/quiz/view.php?id=5901189){target=\"_blank\"} to submit your answers.**\n","srcMarkdownNoYaml":"\n::: {.hidden}\n\\let\\OldTexttt\\texttt\n\\renewcommand{\\txt}[1]{\\OldTexttt{\\color{brown}{#1}}}\n:::\n\n# Introduction to R (II)\n\n## Basic **R** Object: Vector\n\nA vector is a sequence of finite elements and serves as the basic object in **R**. For example, a single number like \"3\" is considered a vector of length 1. It is a highly relevant object from a statistical perspective, as it allows us to store variables in vector objects. To create a vector, we use the $\\txt{c()}$ function, where the name is an abbreviation of **\"combine\"**. For example, suppose we need to create a vector for a set of elements representing weight observations.\n\n```{webr-r}\nc(150.2,178.6,190,144.3,202.2,165,163.5)\n```\n\nAs learned, we can assign a descriptive variable name to the vector:\n\n```{webr-r}\nweight_pound <- c(150.2,178.6,190,144.3,202.2,165,163.5)\nweight_pound\n```\n\nRemark: We can condense the double line process (saving and printing) into a single line by wrapping the assignment process with the $\\txt{print()}$ function.\n\n```{webr-r}\nprint(weight_pound <- c(150.2,178.6,190,144.3,202.2,165,163.5))\n```\n\nIf we want to create an integer vector, then the $\\txt{:}$ operator or $\\txt{seq()}$ function offer efficient solutions.\n\n```{webr-r}\nprint(loss <- 1:7)\nprint(half_sequence <- seq(1,10,by=0.5))\n## Use ?seq for further information.\n## Quick Question: \n## Is it possible to recreate \"half_sequence\" using the : operator?\n```\n\nOf course, we can combine two vectors by using the $\\txt{c()}$ function again.\n\n```{webr-r}\nc(weight_pound,half_sequence)\n```\n\n## Vector Operations in **R**\n\nOne of the powerful features of vectors in **R** is the ability to perform the same calculation on every element with a single command, i.e., element-wise operation. For example, when converting weights from pounds to kilograms, we can multiply 0.454. This operation can be applied to all the numbers in a vector simultaneously:\n\n```{webr-r}\nprint(weight_kg <- weight_pound * 0.454)\n```\n\nThe operation between two vectors is also element-wise in **R**.\n\n```{webr-r}\nweight_kg\nloss\nprint(weight_update <- weight_kg - loss)\n```\n\n## Vector Subsetting\n\nTo access a specific element in a vector, you add square brackets after the vector name and place the index of the desired element inside the brackets. The \"index\" refers to the position of the item within the vector, with the first element having an index of 1, and so on. For example, suppose we want to subset the vector $\\txt{weight\\_pound}$:\n\n```{webr-r}\nweight_pound\n## The third element.\nweight_pound[3]\n```\n\nIt is also possible to extract multiple elements in a vector.\n\n```{webr-r}\nweight_pound\n## the first three elements.\nweight_pound[1:3]\n## The first and last elements.\nweight_pound[c(1,7)]\n```\n\nLastly, we can exclude particular elements.\n\n```{webr-r}\nweight_pound\n## exclude the first element.\nweight_pound[-1]\n## exclude the first and last elements.\nweight_pound[-c(1,7)]\n```\n\n#### Example\n\nConsider the vector $\\txt{weight\\_update}$:\n\n1.  Extract the fifth and sixth elements.\n2.  Extract the last four elemtns.\n3.  Extract all but the last elements.\n\n```{webr-r}\n## 1\n\n## 2\n\n## 3\n```\n\n## Length\n\nWhen the number of elements in a vector (equivalently, the number of observations in a variable, or simply the sample size) is unknown, we can simply use the $\\txt{length()}$ function to obtain this information.\n\n```{webr-r}\nlength(weight_pound)\nlength(c(weight_pound,half_sequence))\n```\n\n## Summation\n\nWe can also easily calculate the summation of a vector by using the functions, $\\txt{sum()}$.\n\n```{webr-r}\nsum(weight_pound)\nsum(weight_kg)\n```\n\n## Measure of Center\n\nAs we discussed in class, we can use the \"mean\" and \"median\" to measure the central tendency of our data, with the mode also being an option in some cases. In **R**, the functions $\\txt{mean()}$ and $\\txt{median()}$ can be used to obtain the mean and median of a vector, respectively.\n\n```{webr-r}\nmean(weight_pound)\nmedian(weight_pound)\n```\n\n#### Example\n\nCompute the mean of $\\txt{weight\\_kg}$ by using $\\txt{sum()}$ and $\\txt{length()}$ functions. (Do not use $\\txt{mean()}$ function.)\n\n```{webr-r}\n# mean weight in kilograms\n\n```\n\n## Lab Questions\n\n1.  BMI is a measurement of a person's leanness or corpulence based on their height and weight, and is intended to quantify tissue mass. It is widely used as a general indicator of whether a person has a healthy body weight for their height and it is defined by: $$\\textbf{BMI}=703\\times \\frac{\\text{weight (lb)}}{ \\text{(height (in)})^2}$$ Suppose the previously obtained vector $\\txt{weight\\_pound}$ is the weights of seven Lehigh students. Also, the corresponding height observations in inches are $$70,\\;72,\\;72.5,\\;66,\\;74,\\;66.5,\\;72.$$\n\n<!-- -->\n\ni)  Save the height observations in a vector by using a descriptive name.\nii) Calculate the BMIs of the seven students.\niii) Compute the mean and median of the BMIs.\niv) Compute the mean BMI of the first three students and the mean BMI of the last four students.\n\n```{webr-r}\n## i\n\n## ii\n\n## iii\n\n## iv\n```\n\n````{=html}\n<!--\n2. People often underreport how frequently they engage in antisocial behaviors like peeing in swimming pools. Urine, beyond being unpleasant, reacts with chlorine to produce toxic chemicals like trichloramine, a common cause of skin irritation for swimmers. Researchers found that the artificial sweetener ACE, which passes through the body unmetabolized and in consistent amounts, can be used to measure the amount of urine in a pool by analyzing ACE concentrations.\nBelow is a list of ACE concentrations (measured in ng/L) from 15 different pools in the US:\n$$ 438,  211,  640,   85,   83,  350,  138,   49,  465,  489,55, 1086,   71, 1058,  247.$$\n\n\n\ni) In **R**, create a vector of these data and give it an appropriate name. (Uncomment and use the data.)\n\nii) What is the mean ACE concentration in these 15 pools?\n\niii) Since urine contains an average ACE of 4000 ng/ml, we can obtain the urin concentration (ml/L) by dividing each value by 4000 from the ACE concentration data. Compute the urin concentration and it a suitable name.\n\niv) What is the mean urine concentration (in ml) per liter? \n\nv) Use R to calculate the average amount of urine (in ml) in a 500,000 L pool.\n\n```{webr-r}\n## i\n# 438,211,640,85,83,350,138,49,465,489,55,1086,71,1058,247\n\n## ii\n\n## iii\n\n## iv\n\n## v\n\n```\n -->\n````\n\n\n**Click [HERE](https://coursesite.lehigh.edu/mod/quiz/view.php?id=5901189){target=\"_blank\"} to submit your answers.**\n"},"formats":{"html":{"identifier":{"display-name":"HTML","target-format":"html","base-format":"html"},"execute":{"fig-width":7,"fig-height":5,"fig-format":"retina","fig-dpi":96,"df-print":"default","error":false,"eval":true,"cache":null,"freeze":false,"echo":true,"output":true,"warning":true,"include":true,"keep-md":false,"keep-ipynb":false,"ipynb":null,"enabled":null,"daemon":null,"daemon-restart":false,"debug":false,"ipynb-filters":[],"ipynb-shell-interactivity":null,"plotly-connected":true,"engine":"markdown"},"render":{"keep-tex":false,"keep-typ":false,"keep-source":false,"keep-hidden":false,"prefer-html":false,"output-divs":true,"output-ext":"html","fig-align":"default","fig-pos":null,"fig-env":null,"code-fold":"none","code-overflow":"scroll","code-link":false,"code-line-numbers":false,"code-tools":false,"tbl-colwidths":"auto","merge-includes":true,"inline-includes":false,"preserve-yaml":false,"latex-auto-mk":true,"latex-auto-install":true,"latex-clean":true,"latex-min-runs":1,"latex-max-runs":10,"latex-makeindex":"makeindex","latex-makeindex-opts":[],"latex-tlmgr-opts":[],"latex-input-paths":[],"latex-output-dir":null,"link-external-icon":false,"link-external-newwindow":false,"self-contained-math":false,"format-resources":[],"notebook-links":true},"pandoc":{"standalone":true,"wrap":"none","default-image-extension":"png","to":"html","filters":["webr"],"toc":true,"css":["styles.css"],"output-file":"Lab_2.html"},"language":{"toc-title-document":"Table of contents","toc-title-website":"On this page","related-formats-title":"Other Formats","related-notebooks-title":"Notebooks","source-notebooks-prefix":"Source","other-links-title":"Other Links","code-links-title":"Code Links","launch-dev-container-title":"Launch Dev Container","launch-binder-title":"Launch Binder","article-notebook-label":"Article Notebook","notebook-preview-download":"Download Notebook","notebook-preview-download-src":"Download Source","notebook-preview-back":"Back to Article","manuscript-meca-bundle":"MECA Bundle","section-title-abstract":"Abstract","section-title-appendices":"Appendices","section-title-footnotes":"Footnotes","section-title-references":"References","section-title-reuse":"Reuse","section-title-copyright":"Copyright","section-title-citation":"Citation","appendix-attribution-cite-as":"For attribution, please cite this work as:","appendix-attribution-bibtex":"BibTeX citation:","appendix-view-license":"View License","title-block-author-single":"Author","title-block-author-plural":"Authors","title-block-affiliation-single":"Affiliation","title-block-affiliation-plural":"Affiliations","title-block-published":"Published","title-block-modified":"Modified","title-block-keywords":"Keywords","callout-tip-title":"Tip","callout-note-title":"Note","callout-warning-title":"Warning","callout-important-title":"Important","callout-caution-title":"Caution","code-summary":"Code","code-tools-menu-caption":"Code","code-tools-show-all-code":"Show All Code","code-tools-hide-all-code":"Hide All Code","code-tools-view-source":"View Source","code-tools-source-code":"Source Code","tools-share":"Share","tools-download":"Download","code-line":"Line","code-lines":"Lines","copy-button-tooltip":"Copy to Clipboard","copy-button-tooltip-success":"Copied!","repo-action-links-edit":"Edit this page","repo-action-links-source":"View source","repo-action-links-issue":"Report an issue","back-to-top":"Back to top","search-no-results-text":"No results","search-matching-documents-text":"matching documents","search-copy-link-title":"Copy link to search","search-hide-matches-text":"Hide additional matches","search-more-match-text":"more match in this document","search-more-matches-text":"more matches in this document","search-clear-button-title":"Clear","search-text-placeholder":"","search-detached-cancel-button-title":"Cancel","search-submit-button-title":"Submit","search-label":"Search","toggle-section":"Toggle section","toggle-sidebar":"Toggle sidebar navigation","toggle-dark-mode":"Toggle dark mode","toggle-reader-mode":"Toggle reader mode","toggle-navigation":"Toggle navigation","crossref-fig-title":"Figure","crossref-tbl-title":"Table","crossref-lst-title":"Listing","crossref-thm-title":"Theorem","crossref-lem-title":"Lemma","crossref-cor-title":"Corollary","crossref-prp-title":"Proposition","crossref-cnj-title":"Conjecture","crossref-def-title":"Definition","crossref-exm-title":"Example","crossref-exr-title":"Exercise","crossref-ch-prefix":"Chapter","crossref-apx-prefix":"Appendix","crossref-sec-prefix":"Section","crossref-eq-prefix":"Equation","crossref-lof-title":"List of Figures","crossref-lot-title":"List of Tables","crossref-lol-title":"List of Listings","environment-proof-title":"Proof","environment-remark-title":"Remark","environment-solution-title":"Solution","listing-page-order-by":"Order By","listing-page-order-by-default":"Default","listing-page-order-by-date-asc":"Oldest","listing-page-order-by-date-desc":"Newest","listing-page-order-by-number-desc":"High to Low","listing-page-order-by-number-asc":"Low to High","listing-page-field-date":"Date","listing-page-field-title":"Title","listing-page-field-description":"Description","listing-page-field-author":"Author","listing-page-field-filename":"File Name","listing-page-field-filemodified":"Modified","listing-page-field-subtitle":"Subtitle","listing-page-field-readingtime":"Reading Time","listing-page-field-wordcount":"Word Count","listing-page-field-categories":"Categories","listing-page-minutes-compact":"{0} min","listing-page-category-all":"All","listing-page-no-matches":"No matching items","listing-page-words":"{0} words","listing-page-filter":"Filter","draft":"Draft"},"metadata":{"lang":"en","fig-responsive":true,"quarto-version":"1.5.56","editor":"visual","theme":"sketchy","title":"Lab 2","webr":{"show-startup-message":true}},"extensions":{"book":{"multiFile":true}}}},"projectFormats":["html"]}