{"title":"Lab 3","markdown":{"yaml":{"title":"Lab 3","webr":{"show-startup-message":true}},"headingText":"Basic **R** Object: Data Frame","containsRefs":false,"markdown":"\n\n::: hidden\n\\let\\OldTexttt\\texttt\n\\renewcommand{\\txt}[1]{\\OldTexttt{\\color{brown}{#1}}}\n:::\n\n\nA data frame in **R** stores a data set where columns represent variables and rows correspond to individuals. Each element in the data frame is an observation or measurement of a variable for a specific individual. (It’s similar to an Excel sheet.)\n\nA data frame is typically given a name, which tells **R**'s functions which dataset to work with. For example, a built-in data set $\\texttt{\\color{brown}{mtcars}}$ contains car specification information in 1970's. This data frame has 11 variables and 32 observations (individual cars). The following $\\texttt{\\color{brown}{head()}}$ function shows the variables names and first six observations. Also, we can use the $\\texttt{\\color{brown}{help()}}$ function for the variable descriptions.\n\n```{webr-r}\nhead(mtcars)\nhelp(mtcars)\n```\n\n## Subsetting Data Frame\n\nSometimes, we are interested in extracting one of the variables (columns) from a data frame for further analysis.\n\nWhen your data frame has variable names, then this can be easily done by $\\texttt{\\color{brown}{\"\\$\"}}$ command. For example, use $\\texttt{\\color{brown}{mtcars\\$hp}}$ to extract $\\texttt{\\color{brown}{horsepower}}$ variable.\n\n```{webr-r}\n## Subsetting a variable with \"$\"\nprint(HP <- mtcars$hp)\n```\n\nAnother way to extract a variable is to use an index with the $\\texttt{\\color{brown}{[]}}$ operator. Recall that we are able to select a specific element (or elements) in a vector using its index, e.g., $\\texttt{\\color{brown}{HP[2]}}$ returns the second element of the $\\texttt{\\color{brown}{HP}}$, and $\\texttt{\\color{brown}{HP[4:8]}}$ returns the five elements from the fourth to the eighth. Similarly, we can use $\\texttt{\\color{brown}{mtcars[,4]}}$ to extract the variable in the fourth column, $\\texttt{\\color{brown}{horsepower}}$.\n\n```{webr-r}\n## Subsetting a variable with \"[]\"\nprint(HP2 <- mtcars[,4])\n## Check if the two variables are identical\nidentical(HP,HP2)\n```\n\nNote that we intentionally leave the first argument empty, as it is used to select a specific row (an individual car). By leaving it empty, we are selecting all rows (cars) of the $\\texttt{\\color{brown}{horsepower}}$ variable.\n\nWe can certainly extract the value of a particular variable for a specific car, e.g. $\\texttt{\\color{brown}{mtcars[3,4]}}$ retrieves the horsepower of \"Datsun 710\". Similarly, we can extract the five elements from the fourth to the eighth of $\\texttt{\\color{brown}{horsepower}}$ variable as follows:\n\n```{webr-r}\n## the horsepower of \"Datsun 710\"\nmtcars[3,4]\n## the hoursepower of five cars\nprint(HP3 <- mtcars[4:8,4])\nHP[4:8]\n```\n\nLastly, we can simultaneously select or deselect multiple variables and/or observations by combining $\\texttt{\\color{brown}{[]}}$, $\\texttt{\\color{brown}{c()}}$ and $\\texttt{\\color{brown}{-}}$.\n\n```{webr-r}\n## 2nd and 4th variables\nmtcars[,c(2,4)]\n## 2nd and 4th variables of the first five cars\nmtcars[c(1,2,3,4,5),c(2,4)]\n## data set without 5th variables\nmtcars[,-5]\n## data set without 5th and 10th variables\nmtcars[,-c(5,10)]\n```\n\nI believe you can now recognize the patterns. Mastering data subsetting is a crucial skill in data analysis, and we have just learned the fundamental procedures using **R**.\n\n#### Example\n\nConsider the $\\texttt{\\color{brown}{mtcars}}$ data again.\n\n1.  Extract the weight variable using $\\texttt{\\color{brown}{\\$}}$ command.\n\n2.  Extract the Miles/gallon of Honda Civic using $\\texttt{\\color{brown}{[]}}$ command.\\\n    You can check the car names with the $\\texttt{\\color{brown}{rownames(mtcars)}}$ command.\n\n3.  Extract the $\\texttt{\\color{brown}{mpg}}$ and $\\texttt{\\color{brown}{hp}}$ variables using $\\texttt{\\color{brown}{[]}}$ command.\n\n4.  Extract the $\\texttt{\\color{brown}{mpg}}$ and $\\texttt{\\color{brown}{hp}}$ variables except for the $\\texttt{\\color{brown}{Merc}}$ cars.\n\n```{webr-r}\nhead(mtcars)\n## 1\n\n## 2\n\n## 3\n\n## 4\n\n```\n\n## Measure of Variation\n\nDuring the lectures, we've learned several measures of variation, including \"variance\", \"standard deviation\", \"range\", and \"interquartile Range (IQR)\". While calculating these by hand can be tedious, **R** provides quick and easy results using the built-in functions: $\\texttt{\\color{brown}{var()}}$, $\\texttt{\\color{brown}{sd()}}$, $\\texttt{\\color{brown}{range()}}$, and $\\texttt{\\color{brown}{IQR()}}$.\n\n```{webr-r}\nvar(HP)\nsd(HP)\nrange(HP)\nIQR(HP)\n```\n\n## Lab Questions\n\n1.  The famous \"iris\" data set gives the measurements in centimeters of the variables sepal length and width and petal length and width, respectively, for 50 flowers from each of 3 species of iris.\n\n```{webr-r}\nhead(iris)\n```\n\ni)  Extract the $\\texttt{\\color{brown}{Sepal.Length}}$ and $\\texttt{\\color{brown}{Petal.Length}}$ variables using the $\\texttt{\\color{brown}{\\$}}$ command, and save those in $\\texttt{\\color{brown}{SL}}$ and $\\texttt{\\color{brown}{PL}}$, respectively.\n\nii) Compare the variances of $\\texttt{\\color{brown}{SL}}$ and $\\texttt{\\color{brown}{PL}}$. Which variable exhibits greater variation in terms of variance?\n\niii) Extract the $\\texttt{\\color{brown}{Sepal.Width}}$ and $\\texttt{\\color{brown}{Petal.Width}}$ variables using the $\\texttt{\\color{brown}{[]}}$ command, and save those in $\\texttt{\\color{brown}{SW}}$ and $\\texttt{\\color{brown}{PW}}$, respectively.\n\niv) Compare the IQRs of $\\texttt{\\color{brown}{SW}}$ and $\\texttt{\\color{brown}{PW}}$. Which variable exhibits greater variation in terms of IQR?\n\n```{webr-r}\n## i\n\n## ii\n\n## iii\n\n## iv\n\n```\n\n<!-- -->\n\n2.  Let us recall the fomulas for the sample variance.\n\n<!-- -->\n\ni)  The sample variance can be computed from the following formula: $$s^2=\\frac{1}{n-1}\\sum_{i=1}^n\\left(x_i-\\bar{x}\\right)^2,$$ where $x$ is a numerical variable of length $n$. Calculate the variance of $\\texttt{\\color{brown}{SL}}$ without using $\\texttt{\\color{brown}{var()}}$ function. (You could use $\\texttt{\\color{brown}{mean()}}$, $\\texttt{\\color{brown}{sum()}}$, and $\\texttt{\\color{brown}{length()}}$ functions.) Verify that your result matches the value provided in 1-ii.\n\n```{webr-r}\n\n```\n\nii) Additionally, we have learned an alternative formula for variance calculation (also known as the 'computing formula'): $$s^2=\\frac{1}{n-1}\\left\\{\\sum_{i=1}^nx_i^2-n\\bar{x}^2\\right\\}.$$ Similar to the previous case, calculate the variance of $\\texttt{\\color{brown}{PL}}$ using this formula, based on the $\\texttt{\\color{brown}{mean()}}$, $\\texttt{\\color{brown}{sum()}}$, and $\\texttt{\\color{brown}{length()}}$ functions. Verify that your result matches the value provided in 1-ii.\n\n```{webr-r}\n\n```\n\n**Click [HERE](https://coursesite.lehigh.edu/mod/quiz/view.php?id=5912613){target=\"_blank\"} to submit your answers.**","srcMarkdownNoYaml":"\n\n::: hidden\n\\let\\OldTexttt\\texttt\n\\renewcommand{\\txt}[1]{\\OldTexttt{\\color{brown}{#1}}}\n:::\n\n# Basic **R** Object: Data Frame\n\nA data frame in **R** stores a data set where columns represent variables and rows correspond to individuals. Each element in the data frame is an observation or measurement of a variable for a specific individual. (It’s similar to an Excel sheet.)\n\nA data frame is typically given a name, which tells **R**'s functions which dataset to work with. For example, a built-in data set $\\texttt{\\color{brown}{mtcars}}$ contains car specification information in 1970's. This data frame has 11 variables and 32 observations (individual cars). The following $\\texttt{\\color{brown}{head()}}$ function shows the variables names and first six observations. Also, we can use the $\\texttt{\\color{brown}{help()}}$ function for the variable descriptions.\n\n```{webr-r}\nhead(mtcars)\nhelp(mtcars)\n```\n\n## Subsetting Data Frame\n\nSometimes, we are interested in extracting one of the variables (columns) from a data frame for further analysis.\n\nWhen your data frame has variable names, then this can be easily done by $\\texttt{\\color{brown}{\"\\$\"}}$ command. For example, use $\\texttt{\\color{brown}{mtcars\\$hp}}$ to extract $\\texttt{\\color{brown}{horsepower}}$ variable.\n\n```{webr-r}\n## Subsetting a variable with \"$\"\nprint(HP <- mtcars$hp)\n```\n\nAnother way to extract a variable is to use an index with the $\\texttt{\\color{brown}{[]}}$ operator. Recall that we are able to select a specific element (or elements) in a vector using its index, e.g., $\\texttt{\\color{brown}{HP[2]}}$ returns the second element of the $\\texttt{\\color{brown}{HP}}$, and $\\texttt{\\color{brown}{HP[4:8]}}$ returns the five elements from the fourth to the eighth. Similarly, we can use $\\texttt{\\color{brown}{mtcars[,4]}}$ to extract the variable in the fourth column, $\\texttt{\\color{brown}{horsepower}}$.\n\n```{webr-r}\n## Subsetting a variable with \"[]\"\nprint(HP2 <- mtcars[,4])\n## Check if the two variables are identical\nidentical(HP,HP2)\n```\n\nNote that we intentionally leave the first argument empty, as it is used to select a specific row (an individual car). By leaving it empty, we are selecting all rows (cars) of the $\\texttt{\\color{brown}{horsepower}}$ variable.\n\nWe can certainly extract the value of a particular variable for a specific car, e.g. $\\texttt{\\color{brown}{mtcars[3,4]}}$ retrieves the horsepower of \"Datsun 710\". Similarly, we can extract the five elements from the fourth to the eighth of $\\texttt{\\color{brown}{horsepower}}$ variable as follows:\n\n```{webr-r}\n## the horsepower of \"Datsun 710\"\nmtcars[3,4]\n## the hoursepower of five cars\nprint(HP3 <- mtcars[4:8,4])\nHP[4:8]\n```\n\nLastly, we can simultaneously select or deselect multiple variables and/or observations by combining $\\texttt{\\color{brown}{[]}}$, $\\texttt{\\color{brown}{c()}}$ and $\\texttt{\\color{brown}{-}}$.\n\n```{webr-r}\n## 2nd and 4th variables\nmtcars[,c(2,4)]\n## 2nd and 4th variables of the first five cars\nmtcars[c(1,2,3,4,5),c(2,4)]\n## data set without 5th variables\nmtcars[,-5]\n## data set without 5th and 10th variables\nmtcars[,-c(5,10)]\n```\n\nI believe you can now recognize the patterns. Mastering data subsetting is a crucial skill in data analysis, and we have just learned the fundamental procedures using **R**.\n\n#### Example\n\nConsider the $\\texttt{\\color{brown}{mtcars}}$ data again.\n\n1.  Extract the weight variable using $\\texttt{\\color{brown}{\\$}}$ command.\n\n2.  Extract the Miles/gallon of Honda Civic using $\\texttt{\\color{brown}{[]}}$ command.\\\n    You can check the car names with the $\\texttt{\\color{brown}{rownames(mtcars)}}$ command.\n\n3.  Extract the $\\texttt{\\color{brown}{mpg}}$ and $\\texttt{\\color{brown}{hp}}$ variables using $\\texttt{\\color{brown}{[]}}$ command.\n\n4.  Extract the $\\texttt{\\color{brown}{mpg}}$ and $\\texttt{\\color{brown}{hp}}$ variables except for the $\\texttt{\\color{brown}{Merc}}$ cars.\n\n```{webr-r}\nhead(mtcars)\n## 1\n\n## 2\n\n## 3\n\n## 4\n\n```\n\n## Measure of Variation\n\nDuring the lectures, we've learned several measures of variation, including \"variance\", \"standard deviation\", \"range\", and \"interquartile Range (IQR)\". While calculating these by hand can be tedious, **R** provides quick and easy results using the built-in functions: $\\texttt{\\color{brown}{var()}}$, $\\texttt{\\color{brown}{sd()}}$, $\\texttt{\\color{brown}{range()}}$, and $\\texttt{\\color{brown}{IQR()}}$.\n\n```{webr-r}\nvar(HP)\nsd(HP)\nrange(HP)\nIQR(HP)\n```\n\n## Lab Questions\n\n1.  The famous \"iris\" data set gives the measurements in centimeters of the variables sepal length and width and petal length and width, respectively, for 50 flowers from each of 3 species of iris.\n\n```{webr-r}\nhead(iris)\n```\n\ni)  Extract the $\\texttt{\\color{brown}{Sepal.Length}}$ and $\\texttt{\\color{brown}{Petal.Length}}$ variables using the $\\texttt{\\color{brown}{\\$}}$ command, and save those in $\\texttt{\\color{brown}{SL}}$ and $\\texttt{\\color{brown}{PL}}$, respectively.\n\nii) Compare the variances of $\\texttt{\\color{brown}{SL}}$ and $\\texttt{\\color{brown}{PL}}$. Which variable exhibits greater variation in terms of variance?\n\niii) Extract the $\\texttt{\\color{brown}{Sepal.Width}}$ and $\\texttt{\\color{brown}{Petal.Width}}$ variables using the $\\texttt{\\color{brown}{[]}}$ command, and save those in $\\texttt{\\color{brown}{SW}}$ and $\\texttt{\\color{brown}{PW}}$, respectively.\n\niv) Compare the IQRs of $\\texttt{\\color{brown}{SW}}$ and $\\texttt{\\color{brown}{PW}}$. Which variable exhibits greater variation in terms of IQR?\n\n```{webr-r}\n## i\n\n## ii\n\n## iii\n\n## iv\n\n```\n\n<!-- -->\n\n2.  Let us recall the fomulas for the sample variance.\n\n<!-- -->\n\ni)  The sample variance can be computed from the following formula: $$s^2=\\frac{1}{n-1}\\sum_{i=1}^n\\left(x_i-\\bar{x}\\right)^2,$$ where $x$ is a numerical variable of length $n$. Calculate the variance of $\\texttt{\\color{brown}{SL}}$ without using $\\texttt{\\color{brown}{var()}}$ function. (You could use $\\texttt{\\color{brown}{mean()}}$, $\\texttt{\\color{brown}{sum()}}$, and $\\texttt{\\color{brown}{length()}}$ functions.) Verify that your result matches the value provided in 1-ii.\n\n```{webr-r}\n\n```\n\nii) Additionally, we have learned an alternative formula for variance calculation (also known as the 'computing formula'): $$s^2=\\frac{1}{n-1}\\left\\{\\sum_{i=1}^nx_i^2-n\\bar{x}^2\\right\\}.$$ Similar to the previous case, calculate the variance of $\\texttt{\\color{brown}{PL}}$ using this formula, based on the $\\texttt{\\color{brown}{mean()}}$, $\\texttt{\\color{brown}{sum()}}$, and $\\texttt{\\color{brown}{length()}}$ functions. Verify that your result matches the value provided in 1-ii.\n\n```{webr-r}\n\n```\n\n**Click [HERE](https://coursesite.lehigh.edu/mod/quiz/view.php?id=5912613){target=\"_blank\"} to submit your answers.**"},"formats":{"html":{"identifier":{"display-name":"HTML","target-format":"html","base-format":"html"},"execute":{"fig-width":7,"fig-height":5,"fig-format":"retina","fig-dpi":96,"df-print":"default","error":false,"eval":true,"cache":null,"freeze":false,"echo":true,"output":true,"warning":true,"include":true,"keep-md":false,"keep-ipynb":false,"ipynb":null,"enabled":null,"daemon":null,"daemon-restart":false,"debug":false,"ipynb-filters":[],"ipynb-shell-interactivity":null,"plotly-connected":true,"engine":"markdown"},"render":{"keep-tex":false,"keep-typ":false,"keep-source":false,"keep-hidden":false,"prefer-html":false,"output-divs":true,"output-ext":"html","fig-align":"default","fig-pos":null,"fig-env":null,"code-fold":"none","code-overflow":"scroll","code-link":false,"code-line-numbers":false,"code-tools":false,"tbl-colwidths":"auto","merge-includes":true,"inline-includes":false,"preserve-yaml":false,"latex-auto-mk":true,"latex-auto-install":true,"latex-clean":true,"latex-min-runs":1,"latex-max-runs":10,"latex-makeindex":"makeindex","latex-makeindex-opts":[],"latex-tlmgr-opts":[],"latex-input-paths":[],"latex-output-dir":null,"link-external-icon":false,"link-external-newwindow":false,"self-contained-math":false,"format-resources":[],"notebook-links":true},"pandoc":{"standalone":true,"wrap":"none","default-image-extension":"png","to":"html","filters":["webr"],"toc":true,"css":["styles.css"],"output-file":"Lab_3.html"},"language":{"toc-title-document":"Table of contents","toc-title-website":"On this page","related-formats-title":"Other Formats","related-notebooks-title":"Notebooks","source-notebooks-prefix":"Source","other-links-title":"Other Links","code-links-title":"Code Links","launch-dev-container-title":"Launch Dev Container","launch-binder-title":"Launch Binder","article-notebook-label":"Article Notebook","notebook-preview-download":"Download Notebook","notebook-preview-download-src":"Download Source","notebook-preview-back":"Back to Article","manuscript-meca-bundle":"MECA Bundle","section-title-abstract":"Abstract","section-title-appendices":"Appendices","section-title-footnotes":"Footnotes","section-title-references":"References","section-title-reuse":"Reuse","section-title-copyright":"Copyright","section-title-citation":"Citation","appendix-attribution-cite-as":"For attribution, please cite this work as:","appendix-attribution-bibtex":"BibTeX citation:","appendix-view-license":"View License","title-block-author-single":"Author","title-block-author-plural":"Authors","title-block-affiliation-single":"Affiliation","title-block-affiliation-plural":"Affiliations","title-block-published":"Published","title-block-modified":"Modified","title-block-keywords":"Keywords","callout-tip-title":"Tip","callout-note-title":"Note","callout-warning-title":"Warning","callout-important-title":"Important","callout-caution-title":"Caution","code-summary":"Code","code-tools-menu-caption":"Code","code-tools-show-all-code":"Show All Code","code-tools-hide-all-code":"Hide All Code","code-tools-view-source":"View Source","code-tools-source-code":"Source Code","tools-share":"Share","tools-download":"Download","code-line":"Line","code-lines":"Lines","copy-button-tooltip":"Copy to Clipboard","copy-button-tooltip-success":"Copied!","repo-action-links-edit":"Edit this page","repo-action-links-source":"View source","repo-action-links-issue":"Report an issue","back-to-top":"Back to top","search-no-results-text":"No results","search-matching-documents-text":"matching documents","search-copy-link-title":"Copy link to search","search-hide-matches-text":"Hide additional matches","search-more-match-text":"more match in this document","search-more-matches-text":"more matches in this document","search-clear-button-title":"Clear","search-text-placeholder":"","search-detached-cancel-button-title":"Cancel","search-submit-button-title":"Submit","search-label":"Search","toggle-section":"Toggle section","toggle-sidebar":"Toggle sidebar navigation","toggle-dark-mode":"Toggle dark mode","toggle-reader-mode":"Toggle reader mode","toggle-navigation":"Toggle navigation","crossref-fig-title":"Figure","crossref-tbl-title":"Table","crossref-lst-title":"Listing","crossref-thm-title":"Theorem","crossref-lem-title":"Lemma","crossref-cor-title":"Corollary","crossref-prp-title":"Proposition","crossref-cnj-title":"Conjecture","crossref-def-title":"Definition","crossref-exm-title":"Example","crossref-exr-title":"Exercise","crossref-ch-prefix":"Chapter","crossref-apx-prefix":"Appendix","crossref-sec-prefix":"Section","crossref-eq-prefix":"Equation","crossref-lof-title":"List of Figures","crossref-lot-title":"List of Tables","crossref-lol-title":"List of Listings","environment-proof-title":"Proof","environment-remark-title":"Remark","environment-solution-title":"Solution","listing-page-order-by":"Order By","listing-page-order-by-default":"Default","listing-page-order-by-date-asc":"Oldest","listing-page-order-by-date-desc":"Newest","listing-page-order-by-number-desc":"High to Low","listing-page-order-by-number-asc":"Low to High","listing-page-field-date":"Date","listing-page-field-title":"Title","listing-page-field-description":"Description","listing-page-field-author":"Author","listing-page-field-filename":"File Name","listing-page-field-filemodified":"Modified","listing-page-field-subtitle":"Subtitle","listing-page-field-readingtime":"Reading Time","listing-page-field-wordcount":"Word Count","listing-page-field-categories":"Categories","listing-page-minutes-compact":"{0} min","listing-page-category-all":"All","listing-page-no-matches":"No matching items","listing-page-words":"{0} words","listing-page-filter":"Filter","draft":"Draft"},"metadata":{"lang":"en","fig-responsive":true,"quarto-version":"1.5.56","editor":"visual","theme":"sketchy","title":"Lab 3","webr":{"show-startup-message":true}},"extensions":{"book":{"multiFile":true}}}},"projectFormats":["html"]}