{"title":"Lab 1","markdown":{"yaml":{"title":"Lab 1","webr":{"show-startup-message":true}},"headingText":"Introduction to R (I)","containsRefs":false,"markdown":"\n::: {.hidden}\n\\let\\OldTexttt\\texttt\n\\renewcommand{\\txt}[1]{\\OldTexttt{\\color{brown}{#1}}}\n:::\n\n\n## Command line\n\nYou can type commands in the \"Console\".\n\nType \"2+2\" and then hit \"Shift+Return\" or click the \"Run Code\" icon. You'll see that R can perform simple calculations, just like a calculator. The result, 4, will appear, with a \"\\[1\\]\" label indicating that this is the first element of the output. While this labeling may seem unnecessary for simple answers, it becomes quite helpful for more complex outputs.\n\n```{webr-r}\n2 + 2\n```\n\n## Comments\n\nIn your code scripts, it's often useful to include text that isn't evaluated by **R**. This allows you to leave notes for yourself or a friend about what the next line of code does, its strengths and limitations, or any other information you want to remember. To add a comment, start the line with the hash symbol \"\\#\". **R** will ignore everything on that line after the \"\\#\".\n\n#### Example\n\nLet us try the rest of the fundamental arithmetic operations:\n\n```{webr-r}\n## subtraction operator: \"-\"\n\n## multiplication operator: \"*\"\n\n## division operator: \"/\"\n```\n\n## Mathematical functions\n\nYou can use a variety of mathematical functions for calculations. For example, log() calculates the natural logarithm of a number.\n\n```{webr-r}\nlog(42)\n```\n\nParentheses serve two purposes in R: they group elements within calculations and denote the arguments passed to functions. The \"arguments\" of a function refer to the values provided as input. For example, in \"log(3)\", the \"log()\" function is applied to the argument \"3\".\n\nSimilarly, we can also use \"exp()\" for the exponential function.\n\n```{webr-r}\nexp(12)\n```\n\nAnother useful mathematical function is \"sqrt()\", which calculates the square root of a number. For example, \"sqrt(4)\" returns:\n\n```{webr-r}\nsqrt(4)\n```\n\nTo calculate a value with an exponent, used the \"\\^\" symbol. For example $4^3$ is written as:\n\n```{webr-r}\n4^3\n```\n\n#### Example\n\nLet us compute the following mathematical expression: $$\\frac{1}{\\sqrt{2\\pi} 0.5}\\log\\left(\\frac{(12-10.8)^2}{0.4}\\right).$$\n\n```{webr-r}\n\n```\n\n## Defining objects\n\nIn **R**, we can store information by assigning it to objects. For example, to create an object named \"x\" with a value of \"24\", you can write:\n\n```{webr-r}\nx <- 24\n```\n\nThe part in the middle —a less-than sign followed by a hyphen, resembling a left-facing arrow— indicates to **R** that the value on the right should be assigned to the object on the left. After executing the command, whenever we use \"x\", it will be replaced by its value, \"24\". For instance, if we add \"12\" to \"x\", we should expect a result of \"36\".\n\n```{webr-r}\nx + 12\n```\n\nYou can reassign a new value to a object. E.g.,\n\n```{webr-r}\nx <- 18\n```\n\n## Variable Names\n\nWhen defining variables (or objects), the choice of variable names in programming is crucial. Selecting clear and descriptive names for variables is vital for several reasons:\n\n-   **Readability and Understandability**: Clear and descriptive variable names enhance the readability and comprehension of your code.\n\n-   **Maintainability and Debugging**: Thoughtfully named variables simplify code maintenance and debugging processes.\n\n-   **Collaboration**: In a team setting, consistent and clear variable naming conventions are crucial for effective collaboration.\n\n-   **Self-Documentation**: Meaningful variable names serve as self-documentation, making the code more intuitive.\n\n-   **Code Reusability**: Adopting good variable naming practices supports greater code reusability.\n\nSometimes, clear naming requires using multiple words in a variable name, but spaces are not allowed. A common approach is to separate words with underscores, as demonstrated previously, such as $\\txt{morning\\_temperature\\_august}$.\n\n#### Example\n\nLet us assign relevant names to the following variables:\n\n| \\#  |            Feature             | Value  |\n|:---:|:------------------------------:|:------:|\n|  1  | Body temperature in Fahrenheit |   98   |\n|  2  |    Number of shoes for Sam     |   11   |\n|  3  | Weight of a elephant in pounds | 12,050 |\n\n```{webr-r}\n# 1\n\n# 2\n\n# 3\n```\n\n## Lab Questions\n\n1.  Calculate the following math expressions.\n\n<!-- -->\n\ni)  $(23\\times 6)+3$.\nii) $13^3-1100$.\niii) $\\sqrt{81}/(3^3)$.\n\n```{webr-r}\n## i\n\n## ii\n\n## iii\n\n```\n\n2.  According to *Hamwi GJ. Therapy: changing dietary concepts. (American Diabetes Association)*, the ideal body weight equations for male and female are as follows: \\begin{align*}\n    \\text{Ideal Body Weight (Male)}=&106+6\\times(\\text{Height}-60\\text{ in});\\\\\n    \\text{Ideal Body Weight (Female)}=&100+5\\times(\\text{Height}-60\\text{ in}).\n    \\end{align*} Suppose a male student's height and weight are 71 inches and 155 pounds, respectively. Define variables (objects) with appropriate names to store these values, and then perform the following calculations.\n\n<!-- -->\n\ni)  Calculate the ideal body weight of the student.\nii) Calculate the difference between the ideal body weight and actual body weight.\niii) Calculate the squared difference between the ideal body weight and actual body weight.\n\n```{webr-r}\n## Variables\n\n## i\n\n## ii\n\n## iii\n\n```\n\n\n**Click [HERE](https://coursesite.lehigh.edu/mod/quiz/view.php?id=6174762){target=\"_blank\"} to submit your answers.**\n","srcMarkdownNoYaml":"\n::: {.hidden}\n\\let\\OldTexttt\\texttt\n\\renewcommand{\\txt}[1]{\\OldTexttt{\\color{brown}{#1}}}\n:::\n\n# Introduction to R (I)\n\n## Command line\n\nYou can type commands in the \"Console\".\n\nType \"2+2\" and then hit \"Shift+Return\" or click the \"Run Code\" icon. You'll see that R can perform simple calculations, just like a calculator. The result, 4, will appear, with a \"\\[1\\]\" label indicating that this is the first element of the output. While this labeling may seem unnecessary for simple answers, it becomes quite helpful for more complex outputs.\n\n```{webr-r}\n2 + 2\n```\n\n## Comments\n\nIn your code scripts, it's often useful to include text that isn't evaluated by **R**. This allows you to leave notes for yourself or a friend about what the next line of code does, its strengths and limitations, or any other information you want to remember. To add a comment, start the line with the hash symbol \"\\#\". **R** will ignore everything on that line after the \"\\#\".\n\n#### Example\n\nLet us try the rest of the fundamental arithmetic operations:\n\n```{webr-r}\n## subtraction operator: \"-\"\n\n## multiplication operator: \"*\"\n\n## division operator: \"/\"\n```\n\n## Mathematical functions\n\nYou can use a variety of mathematical functions for calculations. For example, log() calculates the natural logarithm of a number.\n\n```{webr-r}\nlog(42)\n```\n\nParentheses serve two purposes in R: they group elements within calculations and denote the arguments passed to functions. The \"arguments\" of a function refer to the values provided as input. For example, in \"log(3)\", the \"log()\" function is applied to the argument \"3\".\n\nSimilarly, we can also use \"exp()\" for the exponential function.\n\n```{webr-r}\nexp(12)\n```\n\nAnother useful mathematical function is \"sqrt()\", which calculates the square root of a number. For example, \"sqrt(4)\" returns:\n\n```{webr-r}\nsqrt(4)\n```\n\nTo calculate a value with an exponent, used the \"\\^\" symbol. For example $4^3$ is written as:\n\n```{webr-r}\n4^3\n```\n\n#### Example\n\nLet us compute the following mathematical expression: $$\\frac{1}{\\sqrt{2\\pi} 0.5}\\log\\left(\\frac{(12-10.8)^2}{0.4}\\right).$$\n\n```{webr-r}\n\n```\n\n## Defining objects\n\nIn **R**, we can store information by assigning it to objects. For example, to create an object named \"x\" with a value of \"24\", you can write:\n\n```{webr-r}\nx <- 24\n```\n\nThe part in the middle —a less-than sign followed by a hyphen, resembling a left-facing arrow— indicates to **R** that the value on the right should be assigned to the object on the left. After executing the command, whenever we use \"x\", it will be replaced by its value, \"24\". For instance, if we add \"12\" to \"x\", we should expect a result of \"36\".\n\n```{webr-r}\nx + 12\n```\n\nYou can reassign a new value to a object. E.g.,\n\n```{webr-r}\nx <- 18\n```\n\n## Variable Names\n\nWhen defining variables (or objects), the choice of variable names in programming is crucial. Selecting clear and descriptive names for variables is vital for several reasons:\n\n-   **Readability and Understandability**: Clear and descriptive variable names enhance the readability and comprehension of your code.\n\n-   **Maintainability and Debugging**: Thoughtfully named variables simplify code maintenance and debugging processes.\n\n-   **Collaboration**: In a team setting, consistent and clear variable naming conventions are crucial for effective collaboration.\n\n-   **Self-Documentation**: Meaningful variable names serve as self-documentation, making the code more intuitive.\n\n-   **Code Reusability**: Adopting good variable naming practices supports greater code reusability.\n\nSometimes, clear naming requires using multiple words in a variable name, but spaces are not allowed. A common approach is to separate words with underscores, as demonstrated previously, such as $\\txt{morning\\_temperature\\_august}$.\n\n#### Example\n\nLet us assign relevant names to the following variables:\n\n| \\#  |            Feature             | Value  |\n|:---:|:------------------------------:|:------:|\n|  1  | Body temperature in Fahrenheit |   98   |\n|  2  |    Number of shoes for Sam     |   11   |\n|  3  | Weight of a elephant in pounds | 12,050 |\n\n```{webr-r}\n# 1\n\n# 2\n\n# 3\n```\n\n## Lab Questions\n\n1.  Calculate the following math expressions.\n\n<!-- -->\n\ni)  $(23\\times 6)+3$.\nii) $13^3-1100$.\niii) $\\sqrt{81}/(3^3)$.\n\n```{webr-r}\n## i\n\n## ii\n\n## iii\n\n```\n\n2.  According to *Hamwi GJ. Therapy: changing dietary concepts. (American Diabetes Association)*, the ideal body weight equations for male and female are as follows: \\begin{align*}\n    \\text{Ideal Body Weight (Male)}=&106+6\\times(\\text{Height}-60\\text{ in});\\\\\n    \\text{Ideal Body Weight (Female)}=&100+5\\times(\\text{Height}-60\\text{ in}).\n    \\end{align*} Suppose a male student's height and weight are 71 inches and 155 pounds, respectively. Define variables (objects) with appropriate names to store these values, and then perform the following calculations.\n\n<!-- -->\n\ni)  Calculate the ideal body weight of the student.\nii) Calculate the difference between the ideal body weight and actual body weight.\niii) Calculate the squared difference between the ideal body weight and actual body weight.\n\n```{webr-r}\n## Variables\n\n## i\n\n## ii\n\n## iii\n\n```\n\n\n**Click [HERE](https://coursesite.lehigh.edu/mod/quiz/view.php?id=6174762){target=\"_blank\"} to submit your answers.**\n"},"formats":{"html":{"identifier":{"display-name":"HTML","target-format":"html","base-format":"html"},"execute":{"fig-width":7,"fig-height":5,"fig-format":"retina","fig-dpi":96,"df-print":"default","error":false,"eval":true,"cache":null,"freeze":false,"echo":true,"output":true,"warning":true,"include":true,"keep-md":false,"keep-ipynb":false,"ipynb":null,"enabled":null,"daemon":null,"daemon-restart":false,"debug":false,"ipynb-filters":[],"ipynb-shell-interactivity":null,"plotly-connected":true,"engine":"markdown"},"render":{"keep-tex":false,"keep-typ":false,"keep-source":false,"keep-hidden":false,"prefer-html":false,"output-divs":true,"output-ext":"html","fig-align":"default","fig-pos":null,"fig-env":null,"code-fold":"none","code-overflow":"scroll","code-link":false,"code-line-numbers":false,"code-tools":false,"tbl-colwidths":"auto","merge-includes":true,"inline-includes":false,"preserve-yaml":false,"latex-auto-mk":true,"latex-auto-install":true,"latex-clean":true,"latex-min-runs":1,"latex-max-runs":10,"latex-makeindex":"makeindex","latex-makeindex-opts":[],"latex-tlmgr-opts":[],"latex-input-paths":[],"latex-output-dir":null,"link-external-icon":false,"link-external-newwindow":false,"self-contained-math":false,"format-resources":[],"notebook-links":true},"pandoc":{"standalone":true,"wrap":"none","default-image-extension":"png","to":"html","filters":["webr"],"toc":true,"css":["styles.css"],"output-file":"Lab_1.html"},"language":{"toc-title-document":"Table of contents","toc-title-website":"On this page","related-formats-title":"Other Formats","related-notebooks-title":"Notebooks","source-notebooks-prefix":"Source","other-links-title":"Other Links","code-links-title":"Code Links","launch-dev-container-title":"Launch Dev Container","launch-binder-title":"Launch Binder","article-notebook-label":"Article Notebook","notebook-preview-download":"Download Notebook","notebook-preview-download-src":"Download Source","notebook-preview-back":"Back to Article","manuscript-meca-bundle":"MECA Bundle","section-title-abstract":"Abstract","section-title-appendices":"Appendices","section-title-footnotes":"Footnotes","section-title-references":"References","section-title-reuse":"Reuse","section-title-copyright":"Copyright","section-title-citation":"Citation","appendix-attribution-cite-as":"For attribution, please cite this work as:","appendix-attribution-bibtex":"BibTeX citation:","appendix-view-license":"View License","title-block-author-single":"Author","title-block-author-plural":"Authors","title-block-affiliation-single":"Affiliation","title-block-affiliation-plural":"Affiliations","title-block-published":"Published","title-block-modified":"Modified","title-block-keywords":"Keywords","callout-tip-title":"Tip","callout-note-title":"Note","callout-warning-title":"Warning","callout-important-title":"Important","callout-caution-title":"Caution","code-summary":"Code","code-tools-menu-caption":"Code","code-tools-show-all-code":"Show All Code","code-tools-hide-all-code":"Hide All Code","code-tools-view-source":"View Source","code-tools-source-code":"Source Code","tools-share":"Share","tools-download":"Download","code-line":"Line","code-lines":"Lines","copy-button-tooltip":"Copy to Clipboard","copy-button-tooltip-success":"Copied!","repo-action-links-edit":"Edit this page","repo-action-links-source":"View source","repo-action-links-issue":"Report an issue","back-to-top":"Back to top","search-no-results-text":"No results","search-matching-documents-text":"matching documents","search-copy-link-title":"Copy link to search","search-hide-matches-text":"Hide additional matches","search-more-match-text":"more match in this document","search-more-matches-text":"more matches in this document","search-clear-button-title":"Clear","search-text-placeholder":"","search-detached-cancel-button-title":"Cancel","search-submit-button-title":"Submit","search-label":"Search","toggle-section":"Toggle section","toggle-sidebar":"Toggle sidebar navigation","toggle-dark-mode":"Toggle dark mode","toggle-reader-mode":"Toggle reader mode","toggle-navigation":"Toggle navigation","crossref-fig-title":"Figure","crossref-tbl-title":"Table","crossref-lst-title":"Listing","crossref-thm-title":"Theorem","crossref-lem-title":"Lemma","crossref-cor-title":"Corollary","crossref-prp-title":"Proposition","crossref-cnj-title":"Conjecture","crossref-def-title":"Definition","crossref-exm-title":"Example","crossref-exr-title":"Exercise","crossref-ch-prefix":"Chapter","crossref-apx-prefix":"Appendix","crossref-sec-prefix":"Section","crossref-eq-prefix":"Equation","crossref-lof-title":"List of Figures","crossref-lot-title":"List of Tables","crossref-lol-title":"List of Listings","environment-proof-title":"Proof","environment-remark-title":"Remark","environment-solution-title":"Solution","listing-page-order-by":"Order By","listing-page-order-by-default":"Default","listing-page-order-by-date-asc":"Oldest","listing-page-order-by-date-desc":"Newest","listing-page-order-by-number-desc":"High to Low","listing-page-order-by-number-asc":"Low to High","listing-page-field-date":"Date","listing-page-field-title":"Title","listing-page-field-description":"Description","listing-page-field-author":"Author","listing-page-field-filename":"File Name","listing-page-field-filemodified":"Modified","listing-page-field-subtitle":"Subtitle","listing-page-field-readingtime":"Reading Time","listing-page-field-wordcount":"Word Count","listing-page-field-categories":"Categories","listing-page-minutes-compact":"{0} min","listing-page-category-all":"All","listing-page-no-matches":"No matching items","listing-page-words":"{0} words","listing-page-filter":"Filter","draft":"Draft"},"metadata":{"lang":"en","fig-responsive":true,"quarto-version":"1.5.56","editor":"visual","theme":"sketchy","title":"Lab 1","webr":{"show-startup-message":true}},"extensions":{"book":{"multiFile":true}}}},"projectFormats":["html"]}