{"title":"Lab 6","markdown":{"yaml":{"title":"Lab 6","webr":{"show-startup-message":true}},"headingText":"Analyzing Bivariate Data with **R (II)**","containsRefs":false,"markdown":"\n\n```{webr-r}\n#| context: setup\n\nlibrary(calibrate)\nMLB_Data <- structure(list(Team = c(\"ARI\", \"ATL\",\"BAL\", \"BOS\", \"CHC\", \"CHW\", \n\"CIN\", \"CLE\", \"COL\", \"DET\", \"HOU\", \"KAN\", \"LAA\", \"LAD\", \"FLA\", \"MIL\", \n\"MIN\", \"NYM\", \"NYY\", \"OAK\", \"PHI\", \"PIT\", \"SD\", \n\"SEA\", \"SF\", \"STL\", \"TB\", \"TEX\", \"TOR\", \"WAS\"\n), Win_P = c(0.519, 0.642, 0.623, 0.481, 0.512, 0.377, 0.506, \n0.469, 0.364, 0.481, 0.556, 0.346, 0.451, 0.617, 0.519, 0.568, \n0.537, 0.463, 0.506, 0.309, 0.556, 0.469, 0.506, 0.543, 0.488, \n0.438, 0.611, 0.556, 0.549, 0.438)*100, RPG = c(4.6, 5.85, 4.98, \n4.77, 5.06, 3.96, 4.83, 4.09, 4.45, 4.08, 5.1, 4.17, 4.56, 5.59, \n4.11, 4.49, 4.8, 4.43, 4.15, 3.61, 4.91, 4.27, 4.64, 4.68, 4.16, \n4.44, 5.31, 5.44, 4.6, 4.32), BA = c(0.25, 0.276, 0.255, 0.258, \n0.254, 0.238, 0.249, 0.25, 0.249, 0.236, 0.259, 0.244, 0.245, \n0.257, 0.259, 0.24, 0.243, 0.238, 0.227, 0.223, 0.256, 0.239, \n0.244, 0.242, 0.235, 0.25, 0.26, 0.263, 0.256, 0.254), OPS = c(0.73, \n0.845, 0.742, 0.748, 0.751, 0.675, 0.746, 0.695, 0.715, 0.686, \n0.768, 0.7, 0.743, 0.795, 0.721, 0.704, 0.753, 0.723, 0.701, \n0.669, 0.765, 0.707, 0.742, 0.734, 0.695, 0.742, 0.776, 0.79, \n0.745, 0.709), ORPG = c(4.7, 4.42, 4.19, 4.79, 4.46, 5.19, 5.07, \n4.3, 5.91, 4.57, 4.31, 5.3, 5.12, 4.31, 4.46, 3.99, 4.07, 4.5, \n4.31, 5.7, 4.41, 4.88, 4, 4.07, 4.44, 5.12, 4.1, 4.42, 4.14, \n5.22), ERA = c(4.48, 4.14, 3.89, 4.52, 4.08, 4.87, 4.83, 3.96, \n5.67, 4.24, 3.94, 5.17, 4.64, 4.06, 4.21, 3.71, 3.87, 4.3, 3.97, \n5.48, 4.03, 4.6, 3.73, 3.74, 4.02, 4.79, 3.86, 4.28, 3.78, 5.02\n), WHIP = c(1.324, 1.302, 1.243, 1.338, 1.283, 1.415, 1.417, \n1.306, 1.545, 1.245, 1.279, 1.407, 1.418, 1.202, 1.292, 1.186, \n1.197, 1.36, 1.236, 1.52, 1.24, 1.382, 1.268, 1.187, 1.253, 1.456, \n1.177, 1.268, 1.25, 1.473)), row.names = c(NA, -30L), class = c(\"tbl_df\", \n\"tbl\", \"data.frame\"))\nattach(MLB_Data)\n```\n\n::: {.hidden}\n\\let\\OldTexttt\\texttt\n\\renewcommand{\\txt}[1]{\\OldTexttt{\\color{brown}{#1}}}\n:::\n\n\n\nWe continue our discussion of bivariate data analysis. In particular, we focus on **linear regression** analysis using a dataset with continuous variables in this lab.\n\n## MLB Data: 2023 Regular Season Team Statistics\n\nWe again use the dataset of the MLB 2023 regular season, as follows:\n\n```{r,eval=FALSE}\n01. Team:  Name of the team \n02. Win_P: Winning Percentage, \"(# of Wins\"/ \"Total # of games)*100\".\n03. RPG:   Runs per Game, the average number of runs a team or player scores in each game. \n04. BA:    Batting Average, \"the # of times a batter hits a ball and reaches the base\"/\"the # of at bats by a batter\".   \n05. OPS:   On-base plus slugging, the sum of on-base percentage and slugging percentage. \n06. ORPG:  Opponent Runs per Game, the runs per game by the opponent.   \n07. ERA:   Earned Run Average, the number of earned runs a pitcher allows per nine innings.    \n08. WHIP:  Walks And Hits Per Inning Pitched, the statistic shows how well a pitcher has kept runners off the basepaths, one of his main goals.\n\n```\n\nIn the data set, the variable $\\txt{Win\\_P}$ measures a MLB team's performance throughout the 2023 season. For offensive capability, we can use the variables $\\txt{RPG}$, $\\txt{BA}$, and $\\txt{OPS}$; whereas, for defensive capability, we can use $\\txt{ORPG}$, $\\txt{ERA}$, and $\\txt{WHIP}$.\n\n## From correlation analysis to regression analysis\n\nOne of the key differences between correlation and regression analysis lies in how we handle two continuous variables. In correlation analysis, both variables are treated equally, whereas in regression analysis, we distinctly classify one variable as explanatory (independent) and the other as response (dependent). In other words, correlation treats the two variables symmetrically, while regression treats them asymmetrically. For example, in the context of regression analysis with the MLB dataset, our goal is to predict or explain the response variable, $\\txt{Winning Percentage}$, based on an explanatory variable chosen from measures of defensive, offensive, or combined capability.\n\n## Regression equation\n\nWe have learned the formulas for the regression analysis: \\begin{align*}\n  \\hat{y}\\;=&\\; a+bx;\\\\ \\text{such that}&\\begin{cases}\n  b\\;=& \\frac{\\sum_{i=1}^n (x_i-\\bar{x})(y_i-\\bar{y})}{\\sum_{i=1}^n (x_i-\\bar{x})^2};\\\\\n  a\\;=& \\bar{y}-b\\bar{x},\\end{cases}\n\\end{align*} where $y$ is the response variable and $x$ is the explanatory variable.\\\nNow, consider the $\\txt{Batting Average}$ as our explanatory variable with the corresponding response variable $\\txt{Winning Percentage}$. Then, we can use $\\textbf{R}$ to calculate the coefficients, *a* and *b*:\n\n```{webr-r}\ny <- Win_P \n# Here we are offset the unit issue by multiplying 100 to the batting average.\nx <- BA*100\nNumer <- sum((x-mean(x))*(y-mean(y)))\nDenom <- sum((x-mean(x))^2)\n\nprint(b <- Numer / Denom)\nprint(a <- mean(y)-b*mean(x))\n```\n\n# Interpretation of coefficients\n\nAs emphasized in class, it is crucial to understand how to interpret the slope and intercept coefficients correctly. Below is the general interpretations:\n\n-   Slope coefficient (**b**): As the explanatory ($x$) variable increases by one unit, the response variable ($y$) increases/decreases by $b$ units **on average**.\n-   Intercept (**a**): When the explanatory ($x$) is zero, the response variable value is $a$ **on average**.\n\nPlease note that regression analysis describes average behavior, and the interpretations reflect this. In our example, the intercept is not of interest because we do not observe a batting average of 0 for any team. For the slope, we interpret it as follows:\\\n**\"As Batting Average increases by one unit for a MLB team, the Winning Percentage increases by 4.27% on average.\"**\n\n# Visualization of regression line\n\nLet's visualize the regression line by overlaying it on the corresponding scatter plot:\n\n```{webr-r}\n# Plotting \nplot(BA*100,Win_P,main=\"Linear Regression Line\",xlim=c(22,28.5),col=blues9)\ntextxy(BA*100,Win_P,labs=Team,cex=1,col=\"black\")\ncurve(a+b*x,col=2,lwd=2,add=TRUE,lty=3)\n```\n\n# Prediction\n\nNow it's time for prediction! We can simply substitute the value of the explanatory variable into the regression formula. Suppose the Lehigh Valley IronPigs would have a team batting average of 0.18 if they play in the MLB regular league. What would their expected winning percentage be?\n\n```{webr-r}\n# Again multiplying 100 to resolve the unit issue.\nprint(LVP <- a+b*(0.18*100))\n```\n\n(In principle, this is not a recommended prediction due to extrapolation.)\n\n# Evaluation of Linear Regression\n\nWe used the linear regression line to make the prediction, so the effectiveness of the prediction depends entirely on the performance of the linear regression model. But how can we evaluate its performance? One way is through the coefficient of determination, $\\textbf{R}^2$, which measures **the proportion of variability in the response variable explained by the linear regression model**. In our case, this is equivalent to the squared correlation between the response variable and the explanatory variables.\n```{webr-r}\nprint(R2<-cor(Win_P,BA)^2)\n# Correlation is invariant under linear transformation.\nprint(cor(Win_P,BA*100)^2)\n```\n\n\n\n\n## Example\n\nLet us instead of use $\\txt{ERA}$ (Earned Run Average) as a explanatory variable. Derive the regression equation and visualize the regression line with corresponding scatter plot. \n\n```{webr-r}\ny <- \n# ERA has no unit issues, so it can be used as is.\nx <- \nNumer <- sum((x-mean(x))*(y-mean(y)))\nDenom <- sum((x-mean(x))^2)\n\nprint(b <- Numer / Denom)\nprint(a <- mean(y)-b*mean(x))\n\nplot(  ,Win_P,main=\"Linear Regression Line\",xlim=c(3.5,6))\ntextxy(  ,Win_P,labs=Team,cex=1,col=\"black\")\ncurve(a+b*x,col=2,lwd=2,add=TRUE)\n\n```\n\nSuppose the IronPigs had a team ERA of 7 if they were playing in the MLB. What would their expected winning percentage be? Also, evaluate the performance by computing $\\textbf{R}^2$.\n\n```{webr-r}\n# Prediction\nprint(LVP <-     )\n# R^2\ncor( , )\n```\n\n## Lab Questions\n\nIn the previous lab, we considered the \"net runs per game\" variable as a measure of MLB team's overall capability:\\\n$$\\txt{NRPG}=\\txt{RPG}-\\txt{ORPG}.$$\n\n```{webr-r}\nNRPG<-RPG-ORPG\nplot(NRPG, Win_P,main=\"Relationship between NRPG and Win_P\",xlim=c(-2.5,2),col=blues9)\ntextxy(NRPG, Win_P,labs=Team,cex=1,col=\"black\")  \n```\n\n1.  Let us perform a linear regression analysis to predict the winning percentage based on the NRPG. Derive the slope and intercept coefficients, respectively.\n\n```{webr-r}\n\n  \n```\n\n2.  Predict the winning percentage of the IronPigs when their hypothetical NRPG is -3.\n\n```{webr-r}\n\n```\n\n3.  Compute the coefficient of determination $\\textbf{R}^2$. \n\n```{webr-r}\n\n```\n\n4.  Provide the relevant interpretations for the slope and intercept coefficients.\n\n**Click [HERE](https://coursesite.lehigh.edu/mod/quiz/view.php?id=5947314){target=\"_blank\"} to submit your answers.**\n","srcMarkdownNoYaml":"\n\n```{webr-r}\n#| context: setup\n\nlibrary(calibrate)\nMLB_Data <- structure(list(Team = c(\"ARI\", \"ATL\",\"BAL\", \"BOS\", \"CHC\", \"CHW\", \n\"CIN\", \"CLE\", \"COL\", \"DET\", \"HOU\", \"KAN\", \"LAA\", \"LAD\", \"FLA\", \"MIL\", \n\"MIN\", \"NYM\", \"NYY\", \"OAK\", \"PHI\", \"PIT\", \"SD\", \n\"SEA\", \"SF\", \"STL\", \"TB\", \"TEX\", \"TOR\", \"WAS\"\n), Win_P = c(0.519, 0.642, 0.623, 0.481, 0.512, 0.377, 0.506, \n0.469, 0.364, 0.481, 0.556, 0.346, 0.451, 0.617, 0.519, 0.568, \n0.537, 0.463, 0.506, 0.309, 0.556, 0.469, 0.506, 0.543, 0.488, \n0.438, 0.611, 0.556, 0.549, 0.438)*100, RPG = c(4.6, 5.85, 4.98, \n4.77, 5.06, 3.96, 4.83, 4.09, 4.45, 4.08, 5.1, 4.17, 4.56, 5.59, \n4.11, 4.49, 4.8, 4.43, 4.15, 3.61, 4.91, 4.27, 4.64, 4.68, 4.16, \n4.44, 5.31, 5.44, 4.6, 4.32), BA = c(0.25, 0.276, 0.255, 0.258, \n0.254, 0.238, 0.249, 0.25, 0.249, 0.236, 0.259, 0.244, 0.245, \n0.257, 0.259, 0.24, 0.243, 0.238, 0.227, 0.223, 0.256, 0.239, \n0.244, 0.242, 0.235, 0.25, 0.26, 0.263, 0.256, 0.254), OPS = c(0.73, \n0.845, 0.742, 0.748, 0.751, 0.675, 0.746, 0.695, 0.715, 0.686, \n0.768, 0.7, 0.743, 0.795, 0.721, 0.704, 0.753, 0.723, 0.701, \n0.669, 0.765, 0.707, 0.742, 0.734, 0.695, 0.742, 0.776, 0.79, \n0.745, 0.709), ORPG = c(4.7, 4.42, 4.19, 4.79, 4.46, 5.19, 5.07, \n4.3, 5.91, 4.57, 4.31, 5.3, 5.12, 4.31, 4.46, 3.99, 4.07, 4.5, \n4.31, 5.7, 4.41, 4.88, 4, 4.07, 4.44, 5.12, 4.1, 4.42, 4.14, \n5.22), ERA = c(4.48, 4.14, 3.89, 4.52, 4.08, 4.87, 4.83, 3.96, \n5.67, 4.24, 3.94, 5.17, 4.64, 4.06, 4.21, 3.71, 3.87, 4.3, 3.97, \n5.48, 4.03, 4.6, 3.73, 3.74, 4.02, 4.79, 3.86, 4.28, 3.78, 5.02\n), WHIP = c(1.324, 1.302, 1.243, 1.338, 1.283, 1.415, 1.417, \n1.306, 1.545, 1.245, 1.279, 1.407, 1.418, 1.202, 1.292, 1.186, \n1.197, 1.36, 1.236, 1.52, 1.24, 1.382, 1.268, 1.187, 1.253, 1.456, \n1.177, 1.268, 1.25, 1.473)), row.names = c(NA, -30L), class = c(\"tbl_df\", \n\"tbl\", \"data.frame\"))\nattach(MLB_Data)\n```\n\n::: {.hidden}\n\\let\\OldTexttt\\texttt\n\\renewcommand{\\txt}[1]{\\OldTexttt{\\color{brown}{#1}}}\n:::\n\n\n# Analyzing Bivariate Data with **R (II)**\n\nWe continue our discussion of bivariate data analysis. In particular, we focus on **linear regression** analysis using a dataset with continuous variables in this lab.\n\n## MLB Data: 2023 Regular Season Team Statistics\n\nWe again use the dataset of the MLB 2023 regular season, as follows:\n\n```{r,eval=FALSE}\n01. Team:  Name of the team \n02. Win_P: Winning Percentage, \"(# of Wins\"/ \"Total # of games)*100\".\n03. RPG:   Runs per Game, the average number of runs a team or player scores in each game. \n04. BA:    Batting Average, \"the # of times a batter hits a ball and reaches the base\"/\"the # of at bats by a batter\".   \n05. OPS:   On-base plus slugging, the sum of on-base percentage and slugging percentage. \n06. ORPG:  Opponent Runs per Game, the runs per game by the opponent.   \n07. ERA:   Earned Run Average, the number of earned runs a pitcher allows per nine innings.    \n08. WHIP:  Walks And Hits Per Inning Pitched, the statistic shows how well a pitcher has kept runners off the basepaths, one of his main goals.\n\n```\n\nIn the data set, the variable $\\txt{Win\\_P}$ measures a MLB team's performance throughout the 2023 season. For offensive capability, we can use the variables $\\txt{RPG}$, $\\txt{BA}$, and $\\txt{OPS}$; whereas, for defensive capability, we can use $\\txt{ORPG}$, $\\txt{ERA}$, and $\\txt{WHIP}$.\n\n## From correlation analysis to regression analysis\n\nOne of the key differences between correlation and regression analysis lies in how we handle two continuous variables. In correlation analysis, both variables are treated equally, whereas in regression analysis, we distinctly classify one variable as explanatory (independent) and the other as response (dependent). In other words, correlation treats the two variables symmetrically, while regression treats them asymmetrically. For example, in the context of regression analysis with the MLB dataset, our goal is to predict or explain the response variable, $\\txt{Winning Percentage}$, based on an explanatory variable chosen from measures of defensive, offensive, or combined capability.\n\n## Regression equation\n\nWe have learned the formulas for the regression analysis: \\begin{align*}\n  \\hat{y}\\;=&\\; a+bx;\\\\ \\text{such that}&\\begin{cases}\n  b\\;=& \\frac{\\sum_{i=1}^n (x_i-\\bar{x})(y_i-\\bar{y})}{\\sum_{i=1}^n (x_i-\\bar{x})^2};\\\\\n  a\\;=& \\bar{y}-b\\bar{x},\\end{cases}\n\\end{align*} where $y$ is the response variable and $x$ is the explanatory variable.\\\nNow, consider the $\\txt{Batting Average}$ as our explanatory variable with the corresponding response variable $\\txt{Winning Percentage}$. Then, we can use $\\textbf{R}$ to calculate the coefficients, *a* and *b*:\n\n```{webr-r}\ny <- Win_P \n# Here we are offset the unit issue by multiplying 100 to the batting average.\nx <- BA*100\nNumer <- sum((x-mean(x))*(y-mean(y)))\nDenom <- sum((x-mean(x))^2)\n\nprint(b <- Numer / Denom)\nprint(a <- mean(y)-b*mean(x))\n```\n\n# Interpretation of coefficients\n\nAs emphasized in class, it is crucial to understand how to interpret the slope and intercept coefficients correctly. Below is the general interpretations:\n\n-   Slope coefficient (**b**): As the explanatory ($x$) variable increases by one unit, the response variable ($y$) increases/decreases by $b$ units **on average**.\n-   Intercept (**a**): When the explanatory ($x$) is zero, the response variable value is $a$ **on average**.\n\nPlease note that regression analysis describes average behavior, and the interpretations reflect this. In our example, the intercept is not of interest because we do not observe a batting average of 0 for any team. For the slope, we interpret it as follows:\\\n**\"As Batting Average increases by one unit for a MLB team, the Winning Percentage increases by 4.27% on average.\"**\n\n# Visualization of regression line\n\nLet's visualize the regression line by overlaying it on the corresponding scatter plot:\n\n```{webr-r}\n# Plotting \nplot(BA*100,Win_P,main=\"Linear Regression Line\",xlim=c(22,28.5),col=blues9)\ntextxy(BA*100,Win_P,labs=Team,cex=1,col=\"black\")\ncurve(a+b*x,col=2,lwd=2,add=TRUE,lty=3)\n```\n\n# Prediction\n\nNow it's time for prediction! We can simply substitute the value of the explanatory variable into the regression formula. Suppose the Lehigh Valley IronPigs would have a team batting average of 0.18 if they play in the MLB regular league. What would their expected winning percentage be?\n\n```{webr-r}\n# Again multiplying 100 to resolve the unit issue.\nprint(LVP <- a+b*(0.18*100))\n```\n\n(In principle, this is not a recommended prediction due to extrapolation.)\n\n# Evaluation of Linear Regression\n\nWe used the linear regression line to make the prediction, so the effectiveness of the prediction depends entirely on the performance of the linear regression model. But how can we evaluate its performance? One way is through the coefficient of determination, $\\textbf{R}^2$, which measures **the proportion of variability in the response variable explained by the linear regression model**. In our case, this is equivalent to the squared correlation between the response variable and the explanatory variables.\n```{webr-r}\nprint(R2<-cor(Win_P,BA)^2)\n# Correlation is invariant under linear transformation.\nprint(cor(Win_P,BA*100)^2)\n```\n\n\n\n\n## Example\n\nLet us instead of use $\\txt{ERA}$ (Earned Run Average) as a explanatory variable. Derive the regression equation and visualize the regression line with corresponding scatter plot. \n\n```{webr-r}\ny <- \n# ERA has no unit issues, so it can be used as is.\nx <- \nNumer <- sum((x-mean(x))*(y-mean(y)))\nDenom <- sum((x-mean(x))^2)\n\nprint(b <- Numer / Denom)\nprint(a <- mean(y)-b*mean(x))\n\nplot(  ,Win_P,main=\"Linear Regression Line\",xlim=c(3.5,6))\ntextxy(  ,Win_P,labs=Team,cex=1,col=\"black\")\ncurve(a+b*x,col=2,lwd=2,add=TRUE)\n\n```\n\nSuppose the IronPigs had a team ERA of 7 if they were playing in the MLB. What would their expected winning percentage be? Also, evaluate the performance by computing $\\textbf{R}^2$.\n\n```{webr-r}\n# Prediction\nprint(LVP <-     )\n# R^2\ncor( , )\n```\n\n## Lab Questions\n\nIn the previous lab, we considered the \"net runs per game\" variable as a measure of MLB team's overall capability:\\\n$$\\txt{NRPG}=\\txt{RPG}-\\txt{ORPG}.$$\n\n```{webr-r}\nNRPG<-RPG-ORPG\nplot(NRPG, Win_P,main=\"Relationship between NRPG and Win_P\",xlim=c(-2.5,2),col=blues9)\ntextxy(NRPG, Win_P,labs=Team,cex=1,col=\"black\")  \n```\n\n1.  Let us perform a linear regression analysis to predict the winning percentage based on the NRPG. Derive the slope and intercept coefficients, respectively.\n\n```{webr-r}\n\n  \n```\n\n2.  Predict the winning percentage of the IronPigs when their hypothetical NRPG is -3.\n\n```{webr-r}\n\n```\n\n3.  Compute the coefficient of determination $\\textbf{R}^2$. \n\n```{webr-r}\n\n```\n\n4.  Provide the relevant interpretations for the slope and intercept coefficients.\n\n**Click [HERE](https://coursesite.lehigh.edu/mod/quiz/view.php?id=5947314){target=\"_blank\"} to submit your answers.**\n"},"formats":{"html":{"identifier":{"display-name":"HTML","target-format":"html","base-format":"html"},"execute":{"fig-width":7,"fig-height":5,"fig-format":"retina","fig-dpi":96,"df-print":"default","error":false,"eval":true,"cache":null,"freeze":false,"echo":true,"output":true,"warning":true,"include":true,"keep-md":false,"keep-ipynb":false,"ipynb":null,"enabled":null,"daemon":null,"daemon-restart":false,"debug":false,"ipynb-filters":[],"ipynb-shell-interactivity":null,"plotly-connected":true,"engine":"knitr"},"render":{"keep-tex":false,"keep-typ":false,"keep-source":false,"keep-hidden":false,"prefer-html":false,"output-divs":true,"output-ext":"html","fig-align":"default","fig-pos":null,"fig-env":null,"code-fold":"none","code-overflow":"scroll","code-link":false,"code-line-numbers":false,"code-tools":false,"tbl-colwidths":"auto","merge-includes":true,"inline-includes":false,"preserve-yaml":false,"latex-auto-mk":true,"latex-auto-install":true,"latex-clean":true,"latex-min-runs":1,"latex-max-runs":10,"latex-makeindex":"makeindex","latex-makeindex-opts":[],"latex-tlmgr-opts":[],"latex-input-paths":[],"latex-output-dir":null,"link-external-icon":false,"link-external-newwindow":false,"self-contained-math":false,"format-resources":[],"notebook-links":true},"pandoc":{"standalone":true,"wrap":"none","default-image-extension":"png","to":"html","filters":["webr"],"toc":true,"css":["styles.css"],"output-file":"Lab_6.html"},"language":{"toc-title-document":"Table of contents","toc-title-website":"On this page","related-formats-title":"Other Formats","related-notebooks-title":"Notebooks","source-notebooks-prefix":"Source","other-links-title":"Other Links","code-links-title":"Code Links","launch-dev-container-title":"Launch Dev Container","launch-binder-title":"Launch Binder","article-notebook-label":"Article Notebook","notebook-preview-download":"Download Notebook","notebook-preview-download-src":"Download Source","notebook-preview-back":"Back to Article","manuscript-meca-bundle":"MECA Bundle","section-title-abstract":"Abstract","section-title-appendices":"Appendices","section-title-footnotes":"Footnotes","section-title-references":"References","section-title-reuse":"Reuse","section-title-copyright":"Copyright","section-title-citation":"Citation","appendix-attribution-cite-as":"For attribution, please cite this work as:","appendix-attribution-bibtex":"BibTeX citation:","appendix-view-license":"View License","title-block-author-single":"Author","title-block-author-plural":"Authors","title-block-affiliation-single":"Affiliation","title-block-affiliation-plural":"Affiliations","title-block-published":"Published","title-block-modified":"Modified","title-block-keywords":"Keywords","callout-tip-title":"Tip","callout-note-title":"Note","callout-warning-title":"Warning","callout-important-title":"Important","callout-caution-title":"Caution","code-summary":"Code","code-tools-menu-caption":"Code","code-tools-show-all-code":"Show All Code","code-tools-hide-all-code":"Hide All Code","code-tools-view-source":"View Source","code-tools-source-code":"Source Code","tools-share":"Share","tools-download":"Download","code-line":"Line","code-lines":"Lines","copy-button-tooltip":"Copy to Clipboard","copy-button-tooltip-success":"Copied!","repo-action-links-edit":"Edit this page","repo-action-links-source":"View source","repo-action-links-issue":"Report an issue","back-to-top":"Back to top","search-no-results-text":"No results","search-matching-documents-text":"matching documents","search-copy-link-title":"Copy link to search","search-hide-matches-text":"Hide additional matches","search-more-match-text":"more match in this document","search-more-matches-text":"more matches in this document","search-clear-button-title":"Clear","search-text-placeholder":"","search-detached-cancel-button-title":"Cancel","search-submit-button-title":"Submit","search-label":"Search","toggle-section":"Toggle section","toggle-sidebar":"Toggle sidebar navigation","toggle-dark-mode":"Toggle dark mode","toggle-reader-mode":"Toggle reader mode","toggle-navigation":"Toggle navigation","crossref-fig-title":"Figure","crossref-tbl-title":"Table","crossref-lst-title":"Listing","crossref-thm-title":"Theorem","crossref-lem-title":"Lemma","crossref-cor-title":"Corollary","crossref-prp-title":"Proposition","crossref-cnj-title":"Conjecture","crossref-def-title":"Definition","crossref-exm-title":"Example","crossref-exr-title":"Exercise","crossref-ch-prefix":"Chapter","crossref-apx-prefix":"Appendix","crossref-sec-prefix":"Section","crossref-eq-prefix":"Equation","crossref-lof-title":"List of Figures","crossref-lot-title":"List of Tables","crossref-lol-title":"List of Listings","environment-proof-title":"Proof","environment-remark-title":"Remark","environment-solution-title":"Solution","listing-page-order-by":"Order By","listing-page-order-by-default":"Default","listing-page-order-by-date-asc":"Oldest","listing-page-order-by-date-desc":"Newest","listing-page-order-by-number-desc":"High to Low","listing-page-order-by-number-asc":"Low to High","listing-page-field-date":"Date","listing-page-field-title":"Title","listing-page-field-description":"Description","listing-page-field-author":"Author","listing-page-field-filename":"File Name","listing-page-field-filemodified":"Modified","listing-page-field-subtitle":"Subtitle","listing-page-field-readingtime":"Reading Time","listing-page-field-wordcount":"Word Count","listing-page-field-categories":"Categories","listing-page-minutes-compact":"{0} min","listing-page-category-all":"All","listing-page-no-matches":"No matching items","listing-page-words":"{0} words","listing-page-filter":"Filter","draft":"Draft"},"metadata":{"lang":"en","fig-responsive":true,"quarto-version":"1.5.56","editor":"visual","theme":"sketchy","title":"Lab 6","webr":{"show-startup-message":true}},"extensions":{"book":{"multiFile":true}}}},"projectFormats":["html"]}