{"title":"Lab 4","markdown":{"yaml":{"title":"Lab 4","webr":{"show-startup-message":true}},"headingText":"Basic Graphics in **R**","containsRefs":false,"markdown":"\n\n```{webr-r}\n#| context: setup\nSurvey_Data<-structure(list(Sports = c(\"MLB\", \"NFL\", \"NHL\", \"Other\", \"NBA\", \n\"NHL\", \"NBA\", \"NFL\", \"NBA\", \"MLB\", \"NHL\", \"Other\", \"NBA\", \"Other\", \n\"NBA\", \"MLB\", \"NBA\", \"NFL\", \"MLB\", \"NFL\", \"NBA\", \"Other\", \"MLB\", \n\"Other\", \"Other\", \"NFL\", \"NFL\", \"NFL\", \"NHL\", \"Other\", \"NFL\", \n\"Other\", \"MLB\", \"NBA\", \"MLB\", \"NBA\", \"NBA\", \"Other\", \"NHL\", \"MLB\", \n\"NFL\", \"Other\", \"NFL\", \"NBA\", \"NFL\", \"Other\", \"NFL\", \"Other\", \n\"MLB\", \"NFL\", \"NFL\", \"Other\", \"NBA\", \"MLB\", \"Other\", \"NBA\", \"Other\", \n\"Other\", \"NBA\", \"Other\", \"NHL\", \"NBA\", \"NFL\", \"NFL\", \"Other\", \n\"Other\", \"MLB\", \"NFL\", \"NBA\", \"NBA\", \"Other\", \"NBA\", \"NBA\", \"NHL\", \n\"Other\", \"NFL\", \"Other\", \"NFL\", \"NFL\", \"NBA\", \"NBA\", \"Other\", \n\"NHL\", \"NFL\", \"MLB\", \"NBA\", \"NFL\", \"Other\", \"NHL\", \"MLB\", \"NHL\", \n\"NBA\", \"NHL\", \"Other\", \"Other\", \"NFL\", \"NBA\", \"NBA\", \"MLB\", \"MLB\", \n\"NHL\", \"MLB\", \"NBA\", \"NFL\", \"NFL\", \"NFL\", \"Other\", \"Other\", \"Other\", \n\"Other\", \"NBA\", \"Other\", \"NFL\", \"NBA\", \"NHL\", \"Other\", \"MLB\", \n\"NFL\", \"NBA\", \"Other\", \"NFL\", \"NBA\", \"NFL\", \"Other\", \"Other\", \n\"NFL\", \"NFL\", \"NBA\", \"NBA\", \"NFL\", \"Other\", \"NBA\", \"NBA\", \"NFL\", \n\"MLB\", \"NHL\"), States = c(23L, 20L, 3L, 9L, 11L, 20L, 15L, 13L, \n20L, 15L, 10L, 15L, 12L, 6L, 16L, 17L, 20L, 9L, 15L, 17L, 12L, \n7L, 12L, 9L, 14L, 15L, 6L, 18L, 17L, 15L, 5L, 10L, 16L, 27L, \n13L, 15L, 30L, 5L, 15L, 14L, 13L, NA, 30L, 18L, 23L, 8L, 18L, \n20L, 18L, 15L, 14L, 16L, 24L, 13L, 28L, 3L, 13L, 19L, 18L, 7L, \n36L, 3L, 10L, 26L, 12L, 8L, 18L, 10L, 6L, 18L, 18L, 20L, 20L, \n10L, 26L, 5L, 8L, 7L, 20L, 6L, 22L, 10L, 15L, 15L, 25L, 5L, 12L, \n5L, 10L, 11L, 4L, 6L, 9L, 7L, 5L, 10L, 15L, 14L, 19L, 15L, 12L, \n11L, 3L, 6L, 15L, 6L, 15L, 5L, 12L, 13L, 4L, 1L, 15L, 35L, 8L, \n9L, 17L, 5L, 5L, 8L, 3L, 2L, 10L, 15L, 17L, 12L, 13L, 5L, 12L, \n15L, 2L, 8L, 13L, 27L, 1L, 16L), Cat_Dog = c(\"Dog\", \"Dog\", \"Dog\", \n\"Cat\", \"Dog\", \"Cat\", \"Dog\", \"Dog\", \"Dog\", \"Dog\", \"Dog\", \"Dog\", \n\"Other\", \"Cat\", \"Dog\", \"Cat\", \"Dog\", \"Dog\", \"Dog\", \"Dog\", \"Dog\", \n\"Dog\", \"Dog\", \"Dog\", \"Dog\", \"Dog\", \"Cat\", \"Dog\", \"Cat\", \"Dog\", \n\"Dog\", \"Other\", \"Dog\", \"Dog\", \"Dog\", \"Dog\", \"Cat\", \"Cat\", \"Dog\", \n\"Dog\", \"Dog\", \"Dog\", \"Dog\", \"Dog\", \"Dog\", \"Dog\", \"Dog\", \"Cat\", \n\"Dog\", \"Cat\", \"Dog\", \"Cat\", \"Dog\", \"Dog\", \"Cat\", \"Cat\", \"Cat\", \n\"Dog\", \"Dog\", \"Cat\", \"Dog\", \"Cat\", \"Dog\", \"Dog\", \"Dog\", \"Dog\", \n\"Cat\", \"Dog\", \"Dog\", \"Dog\", \"Dog\", \"Dog\", \"Dog\", \"Dog\", \"Dog\", \n\"Dog\", \"Dog\", \"Dog\", \"Dog\", \"Dog\", \"Cat\", \"Dog\", \"Dog\", \"Dog\", \n\"Dog\", \"Dog\", \"Dog\", \"Cat\", \"Dog\", \"Dog\", \"Dog\", \"Dog\", \"Dog\", \n\"Dog\", \"Cat\", \"Dog\", \"Dog\", \"Dog\", \"Dog\", \"Dog\", \"Dog\", \"Dog\", \n\"Cat\", \"Dog\", \"Dog\", \"Dog\", \"Dog\", \"Cat\", \"Dog\", \"Dog\", \"Cat\", \n\"Cat\", \"Dog\", \"Dog\", \"Dog\", \"Dog\", \"Dog\", \"Other\", \"Other\", \"Cat\", \n\"Dog\", \"Dog\", \"Dog\", \"Dog\", \"Dog\", \"Dog\", \"Dog\", \"Dog\", \"Dog\", \n\"Dog\", \"Cat\", \"Cat\", \"Dog\", \"Dog\", \"Dog\", \"Dog\"), Pets = c(1L, \n1L, 1L, 0L, 0L, 2L, 1L, 1L, 2L, 0L, 1L, 1L, 0L, 0L, 0L, 1L, 1L, \n0L, 0L, 1L, 2L, 4L, 1L, 4L, 1L, 1L, 1L, 2L, 3L, 0L, 2L, 1L, 0L, \n2L, 1L, 2L, 1L, 3L, 1L, 2L, 1L, 2L, 6L, 3L, 1L, 1L, 1L, 0L, 1L, \n1L, 1L, 0L, 0L, 2L, 8L, 1L, 2L, 1L, 0L, 0L, 3L, 2L, 0L, 1L, 1L, \n4L, 0L, 1L, 2L, 1L, 3L, 1L, 0L, 0L, 2L, 1L, 1L, 1L, 0L, 1L, 2L, \n1L, 2L, 1L, 1L, 1L, 2L, 0L, 1L, 0L, 2L, 1L, 4L, 3L, 1L, 0L, 2L, \n1L, 1L, 0L, 2L, 2L, 2L, 3L, 3L, 2L, 0L, 2L, 2L, 1L, 0L, 2L, 1L, \n1L, 7L, 0L, 1L, 0L, 0L, 0L, 0L, 1L, 1L, 3L, 2L, 1L, 1L, 1L, 1L, \n0L, 0L, 0L, 1L, 1L, 1L, 0L), Gender = c(\"Female\", \"Female\", \"Male\", \n\"Male\", \"Female\", \"Female\", \"Female\", \"Male\", \"Female\", \"Female\", \n\"Female\", \"Female\", \"Male\", \"Female\", \"Female\", \"Female\", \"Female\", \n\"Female\", \"Male\", \"Female\", \"Female\", \"Female\", \"Female\", \"Female\", \n\"Male\", \"Female\", \"Female\", \"Male\", NA, \"Male\", \"Male\", \"Female\", \n\"Female\", \"Female\", \"Female\", \"Female\", \"Male\", \"Female\", \"Female\", \n\"Female\", \"Male\", \"Female\", \"Female\", \"Female\", \"Female\", \"Female\", \n\"Female\", \"Male\", \"Female\", \"Female\", \"Female\", \"Female\", NA, \n\"Female\", \"Female\", \"Female\", \"Female\", \"Female\", \"Female\", \"Female\", \n\"Male\", \"Male\", \"Male\", \"Female\", NA, \"Female\", \"Female\", \"Female\", \n\"Male\", \"Female\", \"Female\", \"Male\", \"Male\", \"Female\", \"Male\", \n\"Female\", \"Female\", \"Female\", \"Female\", \"Male\", \"Male\", \"Female\", \n\"Female\", \"Female\", \"Male\", \"Female\", \"Female\", \"Male\", \"Female\", \n\"Female\", \"Female\", \"Male\", \"Female\", \"Female\", \"Male\", \"Female\", \n\"Female\", \"Male\", \"Female\", \"Female\", \"Female\", \"Female\", \"Male\", \n\"Female\", \"Male\", \"Female\", \"Male\", \"Male\", \"Male\", \"Female\", \n\"Male\", \"Male\", \"Female\", \"Female\", \"Male\", \"Female\", \"Female\", \n\"Female\", \"Female\", \"Female\", \"Female\", \"Male\", \"Female\", \"Female\", \n\"Female\", \"Female\", \"Male\", \"Female\", \"Female\", \"Female\", \"Female\", \n\"Male\", \"Female\", \"Male\", \"Female\", \"Male\"), Browser = c(\"Safari\", \n\"Chrome\", \"Chrome\", \"Safari\", \"Safari\", \"Chrome\", \"Chrome\", \"Chrome\", \n\"Chrome\", \"Safari\", \"Chrome\", \"Chrome\", \"Chrome\", \"Chrome\", \"Chrome\", \n\"Edge\", \"Chrome\", \"Chrome\", \"Chrome\", \"Chrome\", \"Chrome\", \"Chrome\", \n\"Safari\", \"Safari\", \"Firefox\", \"Chrome\", \"Chrome\", \"Safari\", \n\"Chrome\", \"Chrome\", \"Safari\", \"Chrome\", \"Chrome\", \"Chrome\", \"Chrome\", \n\"Safari\", \"Chrome\", \"Chrome\", \"Safari\", \"Safari\", \"Chrome\", \"Safari\", \n\"Safari\", \"Safari\", \"Chrome\", \"Safari\", \"Chrome\", \"Firefox\", \n\"Safari\", \"Chrome\", \"Safari\", \"Chrome\", \"Safari\", \"Chrome\", \"Chrome\", \n\"Safari\", \"Safari\", \"Safari\", \"Chrome\", \"Chrome\", \"Chrome\", \"Chrome\", \n\"Chrome\", \"Chrome\", \"Chrome\", \"Chrome\", \"Chrome\", \"Chrome\", \"Other\", \n\"Chrome\", \"Safari\", \"Chrome\", \"Chrome\", \"Chrome\", \"Chrome\", \"Safari\", \n\"Chrome\", \"Safari\", \"Chrome\", \"Chrome\", \"Chrome\", \"Safari\", \"Chrome\", \n\"Chrome\", \"Chrome\", \"Chrome\", \"Chrome\", \"Other\", \"Chrome\", \"Safari\", \n\"Chrome\", \"Chrome\", \"Chrome\", \"Safari\", \"Edge\", \"Chrome\", \"Chrome\", \n\"Safari\", \"Safari\", \"Chrome\", \"Safari\", \"Safari\", \"Edge\", \"Safari\", \n\"Chrome\", \"Chrome\", \"Other\", \"Firefox\", \"Chrome\", \"Chrome\", \"Chrome\", \n\"Chrome\", \"Chrome\", \"Chrome\", \"Safari\", \"Chrome\", \"Chrome\", \"Safari\", \n\"Safari\", \"Chrome\", \"Chrome\", \"Safari\", \"Chrome\", \"Safari\", \"Safari\", \n\"Chrome\", \"Chrome\", \"Chrome\", \"Chrome\", \"Chrome\", \"Chrome\", \"Chrome\", \n\"Chrome\", \"Chrome\", \"Edge\", \"Chrome\"), Shoes = c(8L, 10L, 4L, \n7L, 25L, 30L, 8L, 9L, 17L, 11L, 30L, NA, 6L, 10L, 12L, 12L, 10L, \n8L, 6L, 10L, 8L, NA, 4L, 12L, 3L, 10L, 20L, 6L, 8L, 6L, 11L, \n11L, 13L, 10L, 6L, 5L, 12L, 6L, 10L, 5L, 5L, 23L, 15L, 20L, 8L, \n10L, 8L, 5L, 20L, 10L, 8L, 7L, 13L, 8L, 5L, 6L, 15L, 6L, 17L, \n4L, 9L, 10L, 3L, 25L, 15L, 4L, NA, 13L, 5L, 5L, 6L, 8L, 8L, 10L, \n18L, 12L, 20L, 35L, 10L, 3L, 4L, 4L, 21L, 15L, 2L, 6L, 15L, 5L, \n6L, 9L, 8L, 3L, 7L, 10L, 4L, 20L, 6L, 20L, 9L, 10L, 15L, 8L, \n9L, 10L, 8L, 8L, 3L, 2L, 3L, 10L, 3L, 5L, 5L, 14L, 4L, 9L, 10L, \n6L, 6L, 9L, 9L, 5L, 6L, 7L, 10L, 15L, 8L, 20L, 20L, 7L, NA, 5L, \n71L, 18L, 5L, 10L), Height = c(62L, 62L, 70L, 72L, 66L, 70L, \n64L, 69L, 64L, 67L, 61L, 64L, 73L, 66L, 63L, 67L, 65L, 64L, 75L, \n61L, 66L, 61L, NA, NA, 70L, 66L, 62L, 66L, 64L, 65L, 68L, 65L, \n65L, 66L, 65L, NA, 70L, 60L, 63L, 70L, 74L, 63L, 64L, 68L, 68L, \n64L, 61L, 70L, 62L, 67L, 64L, 61L, 70L, 64L, 65L, NA, NA, 69L, \n65L, 66L, 71L, 72L, 69L, 70L, 64L, 67L, 63L, 66L, 71L, 64L, 63L, \n70L, 72L, 69L, 72L, 60L, 68L, 62L, 67L, 67L, 72L, 65L, 65L, 66L, \n70L, 66L, 63L, 66L, 65L, 63L, 63L, 67L, 69L, 65L, 72L, 65L, 67L, \nNA, 65L, 64L, 63L, 61L, 68L, 63L, 72L, 62L, 73L, 69L, 71L, 68L, \n73L, 73L, 63L, 68L, 63L, 67L, 62L, 65L, 65L, 63L, 61L, 63L, 66L, \n63L, 62L, 64L, 64L, 66L, 63L, 63L, NA, 69L, 63L, 73L, 60L, 72L\n), MO_Height = c(62L, 64L, 64L, 64L, 66L, 65L, 62L, 65L, 64L, \n65L, 64L, 66L, 64L, 64L, 61L, 67L, 69L, 67L, 67L, 59L, 66L, NA, \nNA, NA, 65L, 65L, 67L, 60L, 65L, 60L, 67L, 62L, 65L, 66L, 64L, \nNA, 62L, 62L, 64L, 66L, 68L, 60L, 61L, 65L, 66L, 61L, 64L, 65L, \n62L, 63L, 65L, 59L, 69L, 62L, 63L, NA, NA, 68L, 68L, 65L, 61L, \n67L, 62L, 68L, 64L, NA, 67L, 66L, 64L, 62L, 67L, 64L, 60L, 67L, \n65L, 60L, 66L, 63L, 66L, 59L, 65L, NA, 68L, 65L, 61L, 67L, 65L, \n64L, 65L, 65L, 62L, 59L, 64L, 64L, 67L, 67L, 69L, NA, 65L, 62L, \n68L, 64L, 65L, 61L, 67L, 64L, 68L, NA, 65L, 64L, NA, NA, 61L, \n65L, 60L, 65L, 59L, 64L, 64L, 63L, 59L, 54L, 67L, 65L, 65L, 65L, \n63L, 62L, 61L, 64L, NA, 67L, 65L, 66L, 63L, 63L), FA_Height = c(70L, \n67L, 66L, 69L, 70L, 76L, 69L, 70L, 70L, 74L, 69L, 74L, 68L, 67L, \n68L, 72L, 74L, 70L, 72L, 74L, 74L, NA, NA, NA, 71L, 76L, 71L, \n64L, 73L, 69L, 70L, 70L, 71L, 70L, 64L, NA, 68L, 67L, 69L, 73L, \n60L, 70L, 68L, 62L, 71L, 68L, 69L, 69L, 70L, 71L, 71L, 65L, 67L, \n68L, 67L, NA, NA, 71L, 71L, 73L, 65L, 67L, 68L, 76L, 70L, NA, \n70L, 72L, 64L, 71L, 70L, 72L, 74L, 70L, 70L, NA, 67L, 70L, 70L, \n67L, 75L, 70L, 71L, 71L, 72L, 62L, 74L, 65L, 72L, 70L, 69L, 67L, \n71L, 67L, 70L, 74L, 71L, NA, 73L, 71L, 71L, 68L, 68L, NA, 72L, \n67L, 70L, NA, 72L, 78L, NA, NA, 65L, 69L, 65L, 69L, 66L, 64L, \n64L, 68L, 70L, 58L, 71L, 71L, 67L, 71L, 69L, 71L, 70L, 71L, NA, \n68L, 74L, 68L, 65L, 70L), Arrival = c(7L, 150L, 10L, 25L, 11L, \n10L, 15L, 8L, NA, 4L, 20L, 15L, 5L, 10L, 15L, 10L, 10L, 15L, \nNA, 7L, 10L, NA, 7L, 15L, 5L, 17L, 15L, 15L, 6L, 10L, 10L, 10L, \n12L, 10L, NA, 15L, 10L, 5L, 5L, 5L, 10L, 20L, 9L, 10L, 7L, 6L, \n10L, 30L, 10L, 10L, 7L, 9L, 10L, 16L, NA, 10L, 9L, 8L, 7L, 20L, \n4L, 30L, 15L, 5L, 10L, 15L, 5L, 10L, 15L, 15L, 10L, 9L, 8L, 7L, \n10L, 15L, 7L, 13L, 25L, 20L, 7L, 10L, 5L, 10L, 10L, 5L, 10L, \n9L, 10L, 15L, 9L, 20L, 13L, 10L, 7L, 3L, NA, 10L, 7L, 10L, 8L, \n8L, 15L, 5L, 10L, 10L, 10L, 30L, 10L, 5L, 10L, 13L, 8L, 10L, \nNA, 10L, 10L, 8L, 8L, NA, 12L, 3L, 6L, 10L, 10L, 10L, 10L, 7L, \n15L, 15L, 60L, 7L, 15L, 6L, 15L, 10L), Sleep = c(9.5, 9, 8, 7.5, \n5.5, 7, 8, 4, 8, 8, 8.5, 6.5, 5, 5, 7.5, 8.5, 7, 7.5, 6, 8, 6.5, \n8, 5.5, 6, 8, 7.5, 8.5, 6, 5.5, 8, 7, 6.5, 8, 6.5, 7.5, 6, 6, \n8.5, 7, 7, 8, 9, 6, 8, 8, 6, 6.5, 10, 7, 10, 10, 6, 7, 9, 8.5, \nNA, 7, 8, 7.5, 7.5, 6.5, 8, 8, 9, 5, 6, 7.5, 8, 7, 8, 9, 6, 8, \n9, 7, 7, 8, 6, 8, 6, 8, 9, 10, 7.5, 7, 8, 8, 7, 8, 5, 8, 6, 7.5, \n7, 8, 7.5, 3, 8, 7, 7, 6, 7.5, 7.5, 8.5, 4, 8, 7, 9, 7, 5, 9, \n8, 7, 8.5, 8, 8, 8, 8, 8, 5, 5.5, 6, 8, 6.5, 9.5, 8, 8, 8, 8, \n5, 6, 8, 8, 9, 8, 6.5), Number = c(3L, 7L, 7L, 4L, 1L, 7L, 4L, \n2L, 4L, 3L, 7L, 6L, 4L, 8L, 8L, 4L, 4L, 7L, 7L, 8L, 2L, 10L, \n6L, 3L, 3L, 6L, 6L, 7L, 4L, 7L, 7L, 4L, 9L, 7L, 7L, 5L, 2L, 4L, \n9L, 4L, 1L, 2L, 8L, 3L, 2L, 2L, 8L, 3L, 5L, 6L, 3L, 3L, 3L, 6L, \n8L, 1L, 7L, 8L, 7L, 4L, 5L, 9L, 3L, 8L, 8L, 8L, 7L, 2L, 7L, 8L, \n6L, 10L, 7L, 9L, 7L, 4L, 5L, 7L, 2L, 2L, 2L, 3L, 7L, 3L, 10L, \n10L, 7L, 5L, 6L, 8L, 7L, 2L, 7L, 8L, 8L, 7L, 9L, 1L, 2L, 5L, \n7L, 5L, 7L, 3L, 6L, 10L, 4L, 3L, 7L, 4L, 7L, 4L, 5L, 2L, 7L, \n5L, 6L, 5L, 5L, 7L, 8L, 7L, 4L, 8L, 5L, 5L, 3L, 2L, 4L, 7L, 7L, \n5L, 4L, 4L, 7L, 7L), Hand = c(\"Right\", \"Right\", \"Right\", \"Right\", \n\"Right\", \"Right\", \"Right\", \"Right\", \"Right\", \"Right\", \"Right\", \n\"Right\", \"Right\", \"Right\", \"Right\", \"Right\", \"Right\", \"Right\", \n\"Right\", \"Right\", \"Right\", \"Right\", \"Right\", \"Right\", \"Ambidextrous\", \n\"Right\", \"Right\", \"Right\", \"Left\", \"Right\", \"Right\", \"Left\", \n\"Right\", \"Right\", \"Right\", \"Right\", \"Left\", \"Right\", \"Right\", \n\"Right\", \"Right\", \"Left\", \"Right\", \"Right\", \"Right\", \"Right\", \n\"Right\", \"Right\", \"Right\", \"Right\", \"Right\", \"Left\", \"Right\", \n\"Right\", \"Right\", \"Left\", \"Right\", \"Right\", \"Left\", \"Right\", \n\"Right\", \"Right\", \"Right\", \"Right\", \"Right\", \"Right\", \"Right\", \n\"Right\", \"Right\", \"Right\", \"Right\", \"Left\", \"Right\", \"Right\", \n\"Ambidextrous\", \"Right\", \"Right\", \"Right\", \"Right\", \"Right\", \n\"Right\", \"Right\", \"Right\", \"Right\", \"Right\", \"Right\", \"Right\", \n\"Left\", \"Right\", \"Right\", \"Right\", \"Right\", \"Right\", \"Right\", \n\"Right\", \"Right\", NA, \"Right\", \"Right\", \"Right\", \"Right\", \"Right\", \n\"Right\", \"Right\", \"Right\", \"Right\", \"Right\", \"Right\", \"Right\", \n\"Right\", \"Right\", \"Right\", \"Right\", \"Right\", \"Left\", \"Right\", \n\"Right\", \"Right\", \"Right\", \"Right\", \"Right\", \"Right\", \"Right\", \n\"Right\", \"Right\", \"Right\", \"Right\", \"Right\", \"Right\", \"Right\", \n\"Right\", \"Right\", \"Right\", \"Right\", \"Right\", \"Ambidextrous\"), \n    Credit = c(9, 16, 17, 4, 16, 16, 16, 16, 16, 16, 16, 18, \n    16, 15, 17, 18, 17, 15, 14, 15, 16, 17, 16, 16, 18, 16, 15, \n    16, 17, 17, 16, 15, 15, 16, 15, 15, 15, 18, 16, 16, 12, 16, \n    16, 14, 12, 16, 17, 13, 15, 17, 15, 15, 17, 16, NA, 16, 14, \n    16, 15, 15, 18, 9, 13, 16, 13, 14, 17, 16, 14, 15, 18, 15, \n    14, 16, 18, 17, 16, 16, 17, 7, 18, 15, 15, 15, 15, 15, 17, \n    17, 16, 16, 15, 6, 15, 18, 15, 15, 18, 15, 15, 17, 13, 15, \n    16, 15, 18, 12, 17, 18, 16, 18, 15, 13, 12, 18, 16, 18, 15, \n    14, 14, 12, 14.5, 15, 15, 16, 16, 16, 16, 15, 16, 17, 16, \n    14, 15, 16, 16, 15.5)), class = \"data.frame\", row.names = c(NA, \n-136L))\nattach(Survey_Data)\n```\n::: {.hidden}\n\\let\\OldTexttt\\texttt\n\\renewcommand{\\txt}[1]{\\OldTexttt{\\color{brown}{#1}}}\n:::\n\n\n\n**R** offers a variety of options for creating visual displays in statistics. While base **R** itself provides sufficient quality for many plots, additional packages like $\\txt{ggplot2}$ or $\\txt{lattice}$ to produce \"publishable\" quality graphics. In our lab sessions, we will mainly rely on the basic **R** graphics.\n\n## Beginning Semester Survey Data\n\nFor illustrations, let us use a beginning semester survey data from one of the previous MATH 012 classes. It contains 136 observations and 16 variables as follows:\n\n```{r,eval=FALSE}\n01. Sports:    What is your favorite professional sport? \n02. States:    How many states in the US have you traveled to? \n03. Cat_Dog:   Are you more of a cat person or a dog person? \n04. Pets:      What is the number of pets you and your family currently have? \n05. Gender:    What is your gender? \n06. Browser:   What is your preferred internet browser? \n08. Shoes:     How many pairs of shoes do you have? \n09. Height:    How tall are you (inch)? \n10. MO_Height: What is your mothers height (inch)? \n11. FA_Height: What is your fathers height (inch)? \n12. Arrival:   How many minutes does it take for you to reach the recitation classroom from your residence? \n13. Sleep:     How many HOURS did you sleep last night, to the nearest half-hour? \n14. Number:    What is your favorite whole number between 1 and 10? \n15. Hand:      Are you right- or left-handed? \n16. Credit:    How many credits are you taking this semester? \n```\n\nLet us check the variable name and the first six observations by using the function $\\txt{head()}$:\n\n```{webr-r}\n\nhead(Survey_Data)\n```\n\n## Frequency Tables\n\nAs we discussed in class, a frequency table summarizes the information from the corresponding data set. It also serves as an important intermediate step for creating visual displays such as pie charts, bar plots, histograms, and more.\n\nLet us create a frequency table of a categorical variable $\\txt{Hand}$ using the function $\\txt{table()}$.\n\n```{webr-r}\nprint(FTBL1<-table(Sports))\n```\n\nWe can also create a 2-by-2 (relative) frequency table (or contingency table) with two categorical variables.\n\n```{webr-r}\n## Frequency table\nprint(FTBL2<-table(Gender,Sports))\n## Relative Frequency table\nprint(Rel_FTBL2<-prop.table(FTBL2))\n## Round to the hundredths place\nround(Rel_FTBL2,2)\n```\n\nNow, we can finally created conditional frequency table.\n\n```{webr-r}\n## Condition with respect to Gender\nprint(Con_FTBL2<-prop.table(FTBL2,margin=1))\n## Round to the hundredths place\nround(Con_FTBL2,2)\n```\n\nBased on the results of conditional frequency table, we can answer questions such as: Which gender prefers MLB? Which gender prefers NBA?\n\n## Bar Plot\n\nA bar plot is often more effective than a pie chart for displaying categorical data, especially when dealing with a large number of categories. To create a bar plot, we can use the $\\txt{barplot()}$ function. Note that the function accepts the $\\txt{table}$ object that we created earlier.\n\n```{webr-r}\n## Barplot\nbarplot(FTBL1)\n```\n\n```{webr-r}\n## Side-by-side conditional barplot\n## Female is in darkgray; male is in lightgray.\nbarplot(Con_FTBL2,beside=TRUE)\n```\n\nFor any plotting functions, the $\\txt{main}$ argument can be used to add a \"title\" to the plot.\n\n```{webr-r}\nbarplot(FTBL1,main=\"Favorite Sports\")\nbarplot(Con_FTBL2,beside=TRUE,main=\"Favorite Sports: Gender Comparison\")\n```\n\n#### Example\n\nSelect a single categorical variable from the data set, and create a bar plot with an appropriate title. (We will address bivariate categorical variables in a lab question.)\n\n```{webr-r}\n\n```\n\n## Histogram\n\nHistogram is a versatile graphical display for a single numerical variable (data). It directly accepts a numerical vector as its first argument. Let us create a histogram for the $\\txt{Height}$ variable.\n\n```{webr-r}\n## Use Freq=FALSE to get a histogram based on the relative frequency. .\nhist(Height,freq=FALSE)\n## Let us refine the title \nhist(Height,main=\"Height: MATH 012 Students\",freq=FALSE)\n```\n\nThe histogram reveals that the distribution of the $\\txt{Height}$ variable is right-skewed.\n\n#### Example\n\nSelect a single numerical variable from the data set, and create a histogram with an appropriate title. What is the shape of the distribution?\n\n```{webr-r}\n\n```\n\n## Box Plot\n\nAlthough the histogram is typically our go-to choice for a single numerical variable, there are situations where a box plot is preferable. For instance, if we want to display $\\txt{Height}$ by $\\txt{Gender}$, a box plot would be more appropriate.\n\n```{webr-r}\n## First, a boxplot for Height\nboxplot(Height)\n## Now, a side-by-side boxplot for Height with respect to Gender\nboxplot(Height~Gender)\n## We can have horizontal orientation\nboxplot(Height~Gender,horizontal=TRUE)\n## Please add a relevant title!\n\n```\n\nThis graphical representation makes it easy to compare the differences in $\\txt{Height}$ between genders. As demonstrated, a box plot is a clear and intuitive choice when we have one numerical variable and one categorical variable.\n\n## Lab Questions\n\n1.  Let us consider $\\txt{Browser}$ variable in relation to $\\txt{Cat\\_Dog}$.\n\n<!-- -->\n\ni)  Create a frequency table for the $\\txt{Browser}$ variable.\n\n```{webr-r}\n\n```\n\nii) Create a bar plot using the table object in (i).\n\n```{webr-r}\n\n```\n\niii) Create a conditional frequency table for $\\txt{Browser}$ with respect to $\\txt{Cat\\_Dog}$.\n\n```{webr-r}\n\n```\n\niv) Create a conditional frequency barplot for $\\txt{Browser}$ with respect to $\\txt{Cat\\_Dog}$. Discuss the relationship between the two categorical variables.\n\n```{webr-r}\n\n```\n\n2.  Let us consider $\\txt{Shoes}$ variable in relation to $\\txt{Gender}$. Note that we have one numerical and one categorical variable.\n\n<!-- -->\n\ni)  Choose a relevant graphical display to summarize the information of $\\txt{Shoes}$, and provide the plot.\n\n```{webr-r}\n\n```\n\nii)  Choose a relevant graphical display to summarize the information of $\\txt{Shoes}$ in terms of $\\txt{Gender}$, and provide the plot.\n\n```{webr-r}\n\n```\n\niii) Which gender has a higher central value for $\\txt{Shoes}$? Which gender shows greater variability? What can we infer about the number of pairs of shoes with respect to gender?\n\n```{webr-r}\n\n```\n\n**Click [HERE](https://coursesite.lehigh.edu/mod/quiz/view.php?id=5922429){target=\"_blank\"} to submit your answers.**\n","srcMarkdownNoYaml":"\n\n```{webr-r}\n#| context: setup\nSurvey_Data<-structure(list(Sports = c(\"MLB\", \"NFL\", \"NHL\", \"Other\", \"NBA\", \n\"NHL\", \"NBA\", \"NFL\", \"NBA\", \"MLB\", \"NHL\", \"Other\", \"NBA\", \"Other\", \n\"NBA\", \"MLB\", \"NBA\", \"NFL\", \"MLB\", \"NFL\", \"NBA\", \"Other\", \"MLB\", \n\"Other\", \"Other\", \"NFL\", \"NFL\", \"NFL\", \"NHL\", \"Other\", \"NFL\", \n\"Other\", \"MLB\", \"NBA\", \"MLB\", \"NBA\", \"NBA\", \"Other\", \"NHL\", \"MLB\", \n\"NFL\", \"Other\", \"NFL\", \"NBA\", \"NFL\", \"Other\", \"NFL\", \"Other\", \n\"MLB\", \"NFL\", \"NFL\", \"Other\", \"NBA\", \"MLB\", \"Other\", \"NBA\", \"Other\", \n\"Other\", \"NBA\", \"Other\", \"NHL\", \"NBA\", \"NFL\", \"NFL\", \"Other\", \n\"Other\", \"MLB\", \"NFL\", \"NBA\", \"NBA\", \"Other\", \"NBA\", \"NBA\", \"NHL\", \n\"Other\", \"NFL\", \"Other\", \"NFL\", \"NFL\", \"NBA\", \"NBA\", \"Other\", \n\"NHL\", \"NFL\", \"MLB\", \"NBA\", \"NFL\", \"Other\", \"NHL\", \"MLB\", \"NHL\", \n\"NBA\", \"NHL\", \"Other\", \"Other\", \"NFL\", \"NBA\", \"NBA\", \"MLB\", \"MLB\", \n\"NHL\", \"MLB\", \"NBA\", \"NFL\", \"NFL\", \"NFL\", \"Other\", \"Other\", \"Other\", \n\"Other\", \"NBA\", \"Other\", \"NFL\", \"NBA\", \"NHL\", \"Other\", \"MLB\", \n\"NFL\", \"NBA\", \"Other\", \"NFL\", \"NBA\", \"NFL\", \"Other\", \"Other\", \n\"NFL\", \"NFL\", \"NBA\", \"NBA\", \"NFL\", \"Other\", \"NBA\", \"NBA\", \"NFL\", \n\"MLB\", \"NHL\"), States = c(23L, 20L, 3L, 9L, 11L, 20L, 15L, 13L, \n20L, 15L, 10L, 15L, 12L, 6L, 16L, 17L, 20L, 9L, 15L, 17L, 12L, \n7L, 12L, 9L, 14L, 15L, 6L, 18L, 17L, 15L, 5L, 10L, 16L, 27L, \n13L, 15L, 30L, 5L, 15L, 14L, 13L, NA, 30L, 18L, 23L, 8L, 18L, \n20L, 18L, 15L, 14L, 16L, 24L, 13L, 28L, 3L, 13L, 19L, 18L, 7L, \n36L, 3L, 10L, 26L, 12L, 8L, 18L, 10L, 6L, 18L, 18L, 20L, 20L, \n10L, 26L, 5L, 8L, 7L, 20L, 6L, 22L, 10L, 15L, 15L, 25L, 5L, 12L, \n5L, 10L, 11L, 4L, 6L, 9L, 7L, 5L, 10L, 15L, 14L, 19L, 15L, 12L, \n11L, 3L, 6L, 15L, 6L, 15L, 5L, 12L, 13L, 4L, 1L, 15L, 35L, 8L, \n9L, 17L, 5L, 5L, 8L, 3L, 2L, 10L, 15L, 17L, 12L, 13L, 5L, 12L, \n15L, 2L, 8L, 13L, 27L, 1L, 16L), Cat_Dog = c(\"Dog\", \"Dog\", \"Dog\", \n\"Cat\", \"Dog\", \"Cat\", \"Dog\", \"Dog\", \"Dog\", \"Dog\", \"Dog\", \"Dog\", \n\"Other\", \"Cat\", \"Dog\", \"Cat\", \"Dog\", \"Dog\", \"Dog\", \"Dog\", \"Dog\", \n\"Dog\", \"Dog\", \"Dog\", \"Dog\", \"Dog\", \"Cat\", \"Dog\", \"Cat\", \"Dog\", \n\"Dog\", \"Other\", \"Dog\", \"Dog\", \"Dog\", \"Dog\", \"Cat\", \"Cat\", \"Dog\", \n\"Dog\", \"Dog\", \"Dog\", \"Dog\", \"Dog\", \"Dog\", \"Dog\", \"Dog\", \"Cat\", \n\"Dog\", \"Cat\", \"Dog\", \"Cat\", \"Dog\", \"Dog\", \"Cat\", \"Cat\", \"Cat\", \n\"Dog\", \"Dog\", \"Cat\", \"Dog\", \"Cat\", \"Dog\", \"Dog\", \"Dog\", \"Dog\", \n\"Cat\", \"Dog\", \"Dog\", \"Dog\", \"Dog\", \"Dog\", \"Dog\", \"Dog\", \"Dog\", \n\"Dog\", \"Dog\", \"Dog\", \"Dog\", \"Dog\", \"Cat\", \"Dog\", \"Dog\", \"Dog\", \n\"Dog\", \"Dog\", \"Dog\", \"Cat\", \"Dog\", \"Dog\", \"Dog\", \"Dog\", \"Dog\", \n\"Dog\", \"Cat\", \"Dog\", \"Dog\", \"Dog\", \"Dog\", \"Dog\", \"Dog\", \"Dog\", \n\"Cat\", \"Dog\", \"Dog\", \"Dog\", \"Dog\", \"Cat\", \"Dog\", \"Dog\", \"Cat\", \n\"Cat\", \"Dog\", \"Dog\", \"Dog\", \"Dog\", \"Dog\", \"Other\", \"Other\", \"Cat\", \n\"Dog\", \"Dog\", \"Dog\", \"Dog\", \"Dog\", \"Dog\", \"Dog\", \"Dog\", \"Dog\", \n\"Dog\", \"Cat\", \"Cat\", \"Dog\", \"Dog\", \"Dog\", \"Dog\"), Pets = c(1L, \n1L, 1L, 0L, 0L, 2L, 1L, 1L, 2L, 0L, 1L, 1L, 0L, 0L, 0L, 1L, 1L, \n0L, 0L, 1L, 2L, 4L, 1L, 4L, 1L, 1L, 1L, 2L, 3L, 0L, 2L, 1L, 0L, \n2L, 1L, 2L, 1L, 3L, 1L, 2L, 1L, 2L, 6L, 3L, 1L, 1L, 1L, 0L, 1L, \n1L, 1L, 0L, 0L, 2L, 8L, 1L, 2L, 1L, 0L, 0L, 3L, 2L, 0L, 1L, 1L, \n4L, 0L, 1L, 2L, 1L, 3L, 1L, 0L, 0L, 2L, 1L, 1L, 1L, 0L, 1L, 2L, \n1L, 2L, 1L, 1L, 1L, 2L, 0L, 1L, 0L, 2L, 1L, 4L, 3L, 1L, 0L, 2L, \n1L, 1L, 0L, 2L, 2L, 2L, 3L, 3L, 2L, 0L, 2L, 2L, 1L, 0L, 2L, 1L, \n1L, 7L, 0L, 1L, 0L, 0L, 0L, 0L, 1L, 1L, 3L, 2L, 1L, 1L, 1L, 1L, \n0L, 0L, 0L, 1L, 1L, 1L, 0L), Gender = c(\"Female\", \"Female\", \"Male\", \n\"Male\", \"Female\", \"Female\", \"Female\", \"Male\", \"Female\", \"Female\", \n\"Female\", \"Female\", \"Male\", \"Female\", \"Female\", \"Female\", \"Female\", \n\"Female\", \"Male\", \"Female\", \"Female\", \"Female\", \"Female\", \"Female\", \n\"Male\", \"Female\", \"Female\", \"Male\", NA, \"Male\", \"Male\", \"Female\", \n\"Female\", \"Female\", \"Female\", \"Female\", \"Male\", \"Female\", \"Female\", \n\"Female\", \"Male\", \"Female\", \"Female\", \"Female\", \"Female\", \"Female\", \n\"Female\", \"Male\", \"Female\", \"Female\", \"Female\", \"Female\", NA, \n\"Female\", \"Female\", \"Female\", \"Female\", \"Female\", \"Female\", \"Female\", \n\"Male\", \"Male\", \"Male\", \"Female\", NA, \"Female\", \"Female\", \"Female\", \n\"Male\", \"Female\", \"Female\", \"Male\", \"Male\", \"Female\", \"Male\", \n\"Female\", \"Female\", \"Female\", \"Female\", \"Male\", \"Male\", \"Female\", \n\"Female\", \"Female\", \"Male\", \"Female\", \"Female\", \"Male\", \"Female\", \n\"Female\", \"Female\", \"Male\", \"Female\", \"Female\", \"Male\", \"Female\", \n\"Female\", \"Male\", \"Female\", \"Female\", \"Female\", \"Female\", \"Male\", \n\"Female\", \"Male\", \"Female\", \"Male\", \"Male\", \"Male\", \"Female\", \n\"Male\", \"Male\", \"Female\", \"Female\", \"Male\", \"Female\", \"Female\", \n\"Female\", \"Female\", \"Female\", \"Female\", \"Male\", \"Female\", \"Female\", \n\"Female\", \"Female\", \"Male\", \"Female\", \"Female\", \"Female\", \"Female\", \n\"Male\", \"Female\", \"Male\", \"Female\", \"Male\"), Browser = c(\"Safari\", \n\"Chrome\", \"Chrome\", \"Safari\", \"Safari\", \"Chrome\", \"Chrome\", \"Chrome\", \n\"Chrome\", \"Safari\", \"Chrome\", \"Chrome\", \"Chrome\", \"Chrome\", \"Chrome\", \n\"Edge\", \"Chrome\", \"Chrome\", \"Chrome\", \"Chrome\", \"Chrome\", \"Chrome\", \n\"Safari\", \"Safari\", \"Firefox\", \"Chrome\", \"Chrome\", \"Safari\", \n\"Chrome\", \"Chrome\", \"Safari\", \"Chrome\", \"Chrome\", \"Chrome\", \"Chrome\", \n\"Safari\", \"Chrome\", \"Chrome\", \"Safari\", \"Safari\", \"Chrome\", \"Safari\", \n\"Safari\", \"Safari\", \"Chrome\", \"Safari\", \"Chrome\", \"Firefox\", \n\"Safari\", \"Chrome\", \"Safari\", \"Chrome\", \"Safari\", \"Chrome\", \"Chrome\", \n\"Safari\", \"Safari\", \"Safari\", \"Chrome\", \"Chrome\", \"Chrome\", \"Chrome\", \n\"Chrome\", \"Chrome\", \"Chrome\", \"Chrome\", \"Chrome\", \"Chrome\", \"Other\", \n\"Chrome\", \"Safari\", \"Chrome\", \"Chrome\", \"Chrome\", \"Chrome\", \"Safari\", \n\"Chrome\", \"Safari\", \"Chrome\", \"Chrome\", \"Chrome\", \"Safari\", \"Chrome\", \n\"Chrome\", \"Chrome\", \"Chrome\", \"Chrome\", \"Other\", \"Chrome\", \"Safari\", \n\"Chrome\", \"Chrome\", \"Chrome\", \"Safari\", \"Edge\", \"Chrome\", \"Chrome\", \n\"Safari\", \"Safari\", \"Chrome\", \"Safari\", \"Safari\", \"Edge\", \"Safari\", \n\"Chrome\", \"Chrome\", \"Other\", \"Firefox\", \"Chrome\", \"Chrome\", \"Chrome\", \n\"Chrome\", \"Chrome\", \"Chrome\", \"Safari\", \"Chrome\", \"Chrome\", \"Safari\", \n\"Safari\", \"Chrome\", \"Chrome\", \"Safari\", \"Chrome\", \"Safari\", \"Safari\", \n\"Chrome\", \"Chrome\", \"Chrome\", \"Chrome\", \"Chrome\", \"Chrome\", \"Chrome\", \n\"Chrome\", \"Chrome\", \"Edge\", \"Chrome\"), Shoes = c(8L, 10L, 4L, \n7L, 25L, 30L, 8L, 9L, 17L, 11L, 30L, NA, 6L, 10L, 12L, 12L, 10L, \n8L, 6L, 10L, 8L, NA, 4L, 12L, 3L, 10L, 20L, 6L, 8L, 6L, 11L, \n11L, 13L, 10L, 6L, 5L, 12L, 6L, 10L, 5L, 5L, 23L, 15L, 20L, 8L, \n10L, 8L, 5L, 20L, 10L, 8L, 7L, 13L, 8L, 5L, 6L, 15L, 6L, 17L, \n4L, 9L, 10L, 3L, 25L, 15L, 4L, NA, 13L, 5L, 5L, 6L, 8L, 8L, 10L, \n18L, 12L, 20L, 35L, 10L, 3L, 4L, 4L, 21L, 15L, 2L, 6L, 15L, 5L, \n6L, 9L, 8L, 3L, 7L, 10L, 4L, 20L, 6L, 20L, 9L, 10L, 15L, 8L, \n9L, 10L, 8L, 8L, 3L, 2L, 3L, 10L, 3L, 5L, 5L, 14L, 4L, 9L, 10L, \n6L, 6L, 9L, 9L, 5L, 6L, 7L, 10L, 15L, 8L, 20L, 20L, 7L, NA, 5L, \n71L, 18L, 5L, 10L), Height = c(62L, 62L, 70L, 72L, 66L, 70L, \n64L, 69L, 64L, 67L, 61L, 64L, 73L, 66L, 63L, 67L, 65L, 64L, 75L, \n61L, 66L, 61L, NA, NA, 70L, 66L, 62L, 66L, 64L, 65L, 68L, 65L, \n65L, 66L, 65L, NA, 70L, 60L, 63L, 70L, 74L, 63L, 64L, 68L, 68L, \n64L, 61L, 70L, 62L, 67L, 64L, 61L, 70L, 64L, 65L, NA, NA, 69L, \n65L, 66L, 71L, 72L, 69L, 70L, 64L, 67L, 63L, 66L, 71L, 64L, 63L, \n70L, 72L, 69L, 72L, 60L, 68L, 62L, 67L, 67L, 72L, 65L, 65L, 66L, \n70L, 66L, 63L, 66L, 65L, 63L, 63L, 67L, 69L, 65L, 72L, 65L, 67L, \nNA, 65L, 64L, 63L, 61L, 68L, 63L, 72L, 62L, 73L, 69L, 71L, 68L, \n73L, 73L, 63L, 68L, 63L, 67L, 62L, 65L, 65L, 63L, 61L, 63L, 66L, \n63L, 62L, 64L, 64L, 66L, 63L, 63L, NA, 69L, 63L, 73L, 60L, 72L\n), MO_Height = c(62L, 64L, 64L, 64L, 66L, 65L, 62L, 65L, 64L, \n65L, 64L, 66L, 64L, 64L, 61L, 67L, 69L, 67L, 67L, 59L, 66L, NA, \nNA, NA, 65L, 65L, 67L, 60L, 65L, 60L, 67L, 62L, 65L, 66L, 64L, \nNA, 62L, 62L, 64L, 66L, 68L, 60L, 61L, 65L, 66L, 61L, 64L, 65L, \n62L, 63L, 65L, 59L, 69L, 62L, 63L, NA, NA, 68L, 68L, 65L, 61L, \n67L, 62L, 68L, 64L, NA, 67L, 66L, 64L, 62L, 67L, 64L, 60L, 67L, \n65L, 60L, 66L, 63L, 66L, 59L, 65L, NA, 68L, 65L, 61L, 67L, 65L, \n64L, 65L, 65L, 62L, 59L, 64L, 64L, 67L, 67L, 69L, NA, 65L, 62L, \n68L, 64L, 65L, 61L, 67L, 64L, 68L, NA, 65L, 64L, NA, NA, 61L, \n65L, 60L, 65L, 59L, 64L, 64L, 63L, 59L, 54L, 67L, 65L, 65L, 65L, \n63L, 62L, 61L, 64L, NA, 67L, 65L, 66L, 63L, 63L), FA_Height = c(70L, \n67L, 66L, 69L, 70L, 76L, 69L, 70L, 70L, 74L, 69L, 74L, 68L, 67L, \n68L, 72L, 74L, 70L, 72L, 74L, 74L, NA, NA, NA, 71L, 76L, 71L, \n64L, 73L, 69L, 70L, 70L, 71L, 70L, 64L, NA, 68L, 67L, 69L, 73L, \n60L, 70L, 68L, 62L, 71L, 68L, 69L, 69L, 70L, 71L, 71L, 65L, 67L, \n68L, 67L, NA, NA, 71L, 71L, 73L, 65L, 67L, 68L, 76L, 70L, NA, \n70L, 72L, 64L, 71L, 70L, 72L, 74L, 70L, 70L, NA, 67L, 70L, 70L, \n67L, 75L, 70L, 71L, 71L, 72L, 62L, 74L, 65L, 72L, 70L, 69L, 67L, \n71L, 67L, 70L, 74L, 71L, NA, 73L, 71L, 71L, 68L, 68L, NA, 72L, \n67L, 70L, NA, 72L, 78L, NA, NA, 65L, 69L, 65L, 69L, 66L, 64L, \n64L, 68L, 70L, 58L, 71L, 71L, 67L, 71L, 69L, 71L, 70L, 71L, NA, \n68L, 74L, 68L, 65L, 70L), Arrival = c(7L, 150L, 10L, 25L, 11L, \n10L, 15L, 8L, NA, 4L, 20L, 15L, 5L, 10L, 15L, 10L, 10L, 15L, \nNA, 7L, 10L, NA, 7L, 15L, 5L, 17L, 15L, 15L, 6L, 10L, 10L, 10L, \n12L, 10L, NA, 15L, 10L, 5L, 5L, 5L, 10L, 20L, 9L, 10L, 7L, 6L, \n10L, 30L, 10L, 10L, 7L, 9L, 10L, 16L, NA, 10L, 9L, 8L, 7L, 20L, \n4L, 30L, 15L, 5L, 10L, 15L, 5L, 10L, 15L, 15L, 10L, 9L, 8L, 7L, \n10L, 15L, 7L, 13L, 25L, 20L, 7L, 10L, 5L, 10L, 10L, 5L, 10L, \n9L, 10L, 15L, 9L, 20L, 13L, 10L, 7L, 3L, NA, 10L, 7L, 10L, 8L, \n8L, 15L, 5L, 10L, 10L, 10L, 30L, 10L, 5L, 10L, 13L, 8L, 10L, \nNA, 10L, 10L, 8L, 8L, NA, 12L, 3L, 6L, 10L, 10L, 10L, 10L, 7L, \n15L, 15L, 60L, 7L, 15L, 6L, 15L, 10L), Sleep = c(9.5, 9, 8, 7.5, \n5.5, 7, 8, 4, 8, 8, 8.5, 6.5, 5, 5, 7.5, 8.5, 7, 7.5, 6, 8, 6.5, \n8, 5.5, 6, 8, 7.5, 8.5, 6, 5.5, 8, 7, 6.5, 8, 6.5, 7.5, 6, 6, \n8.5, 7, 7, 8, 9, 6, 8, 8, 6, 6.5, 10, 7, 10, 10, 6, 7, 9, 8.5, \nNA, 7, 8, 7.5, 7.5, 6.5, 8, 8, 9, 5, 6, 7.5, 8, 7, 8, 9, 6, 8, \n9, 7, 7, 8, 6, 8, 6, 8, 9, 10, 7.5, 7, 8, 8, 7, 8, 5, 8, 6, 7.5, \n7, 8, 7.5, 3, 8, 7, 7, 6, 7.5, 7.5, 8.5, 4, 8, 7, 9, 7, 5, 9, \n8, 7, 8.5, 8, 8, 8, 8, 8, 5, 5.5, 6, 8, 6.5, 9.5, 8, 8, 8, 8, \n5, 6, 8, 8, 9, 8, 6.5), Number = c(3L, 7L, 7L, 4L, 1L, 7L, 4L, \n2L, 4L, 3L, 7L, 6L, 4L, 8L, 8L, 4L, 4L, 7L, 7L, 8L, 2L, 10L, \n6L, 3L, 3L, 6L, 6L, 7L, 4L, 7L, 7L, 4L, 9L, 7L, 7L, 5L, 2L, 4L, \n9L, 4L, 1L, 2L, 8L, 3L, 2L, 2L, 8L, 3L, 5L, 6L, 3L, 3L, 3L, 6L, \n8L, 1L, 7L, 8L, 7L, 4L, 5L, 9L, 3L, 8L, 8L, 8L, 7L, 2L, 7L, 8L, \n6L, 10L, 7L, 9L, 7L, 4L, 5L, 7L, 2L, 2L, 2L, 3L, 7L, 3L, 10L, \n10L, 7L, 5L, 6L, 8L, 7L, 2L, 7L, 8L, 8L, 7L, 9L, 1L, 2L, 5L, \n7L, 5L, 7L, 3L, 6L, 10L, 4L, 3L, 7L, 4L, 7L, 4L, 5L, 2L, 7L, \n5L, 6L, 5L, 5L, 7L, 8L, 7L, 4L, 8L, 5L, 5L, 3L, 2L, 4L, 7L, 7L, \n5L, 4L, 4L, 7L, 7L), Hand = c(\"Right\", \"Right\", \"Right\", \"Right\", \n\"Right\", \"Right\", \"Right\", \"Right\", \"Right\", \"Right\", \"Right\", \n\"Right\", \"Right\", \"Right\", \"Right\", \"Right\", \"Right\", \"Right\", \n\"Right\", \"Right\", \"Right\", \"Right\", \"Right\", \"Right\", \"Ambidextrous\", \n\"Right\", \"Right\", \"Right\", \"Left\", \"Right\", \"Right\", \"Left\", \n\"Right\", \"Right\", \"Right\", \"Right\", \"Left\", \"Right\", \"Right\", \n\"Right\", \"Right\", \"Left\", \"Right\", \"Right\", \"Right\", \"Right\", \n\"Right\", \"Right\", \"Right\", \"Right\", \"Right\", \"Left\", \"Right\", \n\"Right\", \"Right\", \"Left\", \"Right\", \"Right\", \"Left\", \"Right\", \n\"Right\", \"Right\", \"Right\", \"Right\", \"Right\", \"Right\", \"Right\", \n\"Right\", \"Right\", \"Right\", \"Right\", \"Left\", \"Right\", \"Right\", \n\"Ambidextrous\", \"Right\", \"Right\", \"Right\", \"Right\", \"Right\", \n\"Right\", \"Right\", \"Right\", \"Right\", \"Right\", \"Right\", \"Right\", \n\"Left\", \"Right\", \"Right\", \"Right\", \"Right\", \"Right\", \"Right\", \n\"Right\", \"Right\", NA, \"Right\", \"Right\", \"Right\", \"Right\", \"Right\", \n\"Right\", \"Right\", \"Right\", \"Right\", \"Right\", \"Right\", \"Right\", \n\"Right\", \"Right\", \"Right\", \"Right\", \"Right\", \"Left\", \"Right\", \n\"Right\", \"Right\", \"Right\", \"Right\", \"Right\", \"Right\", \"Right\", \n\"Right\", \"Right\", \"Right\", \"Right\", \"Right\", \"Right\", \"Right\", \n\"Right\", \"Right\", \"Right\", \"Right\", \"Right\", \"Ambidextrous\"), \n    Credit = c(9, 16, 17, 4, 16, 16, 16, 16, 16, 16, 16, 18, \n    16, 15, 17, 18, 17, 15, 14, 15, 16, 17, 16, 16, 18, 16, 15, \n    16, 17, 17, 16, 15, 15, 16, 15, 15, 15, 18, 16, 16, 12, 16, \n    16, 14, 12, 16, 17, 13, 15, 17, 15, 15, 17, 16, NA, 16, 14, \n    16, 15, 15, 18, 9, 13, 16, 13, 14, 17, 16, 14, 15, 18, 15, \n    14, 16, 18, 17, 16, 16, 17, 7, 18, 15, 15, 15, 15, 15, 17, \n    17, 16, 16, 15, 6, 15, 18, 15, 15, 18, 15, 15, 17, 13, 15, \n    16, 15, 18, 12, 17, 18, 16, 18, 15, 13, 12, 18, 16, 18, 15, \n    14, 14, 12, 14.5, 15, 15, 16, 16, 16, 16, 15, 16, 17, 16, \n    14, 15, 16, 16, 15.5)), class = \"data.frame\", row.names = c(NA, \n-136L))\nattach(Survey_Data)\n```\n::: {.hidden}\n\\let\\OldTexttt\\texttt\n\\renewcommand{\\txt}[1]{\\OldTexttt{\\color{brown}{#1}}}\n:::\n\n\n# Basic Graphics in **R**\n\n**R** offers a variety of options for creating visual displays in statistics. While base **R** itself provides sufficient quality for many plots, additional packages like $\\txt{ggplot2}$ or $\\txt{lattice}$ to produce \"publishable\" quality graphics. In our lab sessions, we will mainly rely on the basic **R** graphics.\n\n## Beginning Semester Survey Data\n\nFor illustrations, let us use a beginning semester survey data from one of the previous MATH 012 classes. It contains 136 observations and 16 variables as follows:\n\n```{r,eval=FALSE}\n01. Sports:    What is your favorite professional sport? \n02. States:    How many states in the US have you traveled to? \n03. Cat_Dog:   Are you more of a cat person or a dog person? \n04. Pets:      What is the number of pets you and your family currently have? \n05. Gender:    What is your gender? \n06. Browser:   What is your preferred internet browser? \n08. Shoes:     How many pairs of shoes do you have? \n09. Height:    How tall are you (inch)? \n10. MO_Height: What is your mothers height (inch)? \n11. FA_Height: What is your fathers height (inch)? \n12. Arrival:   How many minutes does it take for you to reach the recitation classroom from your residence? \n13. Sleep:     How many HOURS did you sleep last night, to the nearest half-hour? \n14. Number:    What is your favorite whole number between 1 and 10? \n15. Hand:      Are you right- or left-handed? \n16. Credit:    How many credits are you taking this semester? \n```\n\nLet us check the variable name and the first six observations by using the function $\\txt{head()}$:\n\n```{webr-r}\n\nhead(Survey_Data)\n```\n\n## Frequency Tables\n\nAs we discussed in class, a frequency table summarizes the information from the corresponding data set. It also serves as an important intermediate step for creating visual displays such as pie charts, bar plots, histograms, and more.\n\nLet us create a frequency table of a categorical variable $\\txt{Hand}$ using the function $\\txt{table()}$.\n\n```{webr-r}\nprint(FTBL1<-table(Sports))\n```\n\nWe can also create a 2-by-2 (relative) frequency table (or contingency table) with two categorical variables.\n\n```{webr-r}\n## Frequency table\nprint(FTBL2<-table(Gender,Sports))\n## Relative Frequency table\nprint(Rel_FTBL2<-prop.table(FTBL2))\n## Round to the hundredths place\nround(Rel_FTBL2,2)\n```\n\nNow, we can finally created conditional frequency table.\n\n```{webr-r}\n## Condition with respect to Gender\nprint(Con_FTBL2<-prop.table(FTBL2,margin=1))\n## Round to the hundredths place\nround(Con_FTBL2,2)\n```\n\nBased on the results of conditional frequency table, we can answer questions such as: Which gender prefers MLB? Which gender prefers NBA?\n\n## Bar Plot\n\nA bar plot is often more effective than a pie chart for displaying categorical data, especially when dealing with a large number of categories. To create a bar plot, we can use the $\\txt{barplot()}$ function. Note that the function accepts the $\\txt{table}$ object that we created earlier.\n\n```{webr-r}\n## Barplot\nbarplot(FTBL1)\n```\n\n```{webr-r}\n## Side-by-side conditional barplot\n## Female is in darkgray; male is in lightgray.\nbarplot(Con_FTBL2,beside=TRUE)\n```\n\nFor any plotting functions, the $\\txt{main}$ argument can be used to add a \"title\" to the plot.\n\n```{webr-r}\nbarplot(FTBL1,main=\"Favorite Sports\")\nbarplot(Con_FTBL2,beside=TRUE,main=\"Favorite Sports: Gender Comparison\")\n```\n\n#### Example\n\nSelect a single categorical variable from the data set, and create a bar plot with an appropriate title. (We will address bivariate categorical variables in a lab question.)\n\n```{webr-r}\n\n```\n\n## Histogram\n\nHistogram is a versatile graphical display for a single numerical variable (data). It directly accepts a numerical vector as its first argument. Let us create a histogram for the $\\txt{Height}$ variable.\n\n```{webr-r}\n## Use Freq=FALSE to get a histogram based on the relative frequency. .\nhist(Height,freq=FALSE)\n## Let us refine the title \nhist(Height,main=\"Height: MATH 012 Students\",freq=FALSE)\n```\n\nThe histogram reveals that the distribution of the $\\txt{Height}$ variable is right-skewed.\n\n#### Example\n\nSelect a single numerical variable from the data set, and create a histogram with an appropriate title. What is the shape of the distribution?\n\n```{webr-r}\n\n```\n\n## Box Plot\n\nAlthough the histogram is typically our go-to choice for a single numerical variable, there are situations where a box plot is preferable. For instance, if we want to display $\\txt{Height}$ by $\\txt{Gender}$, a box plot would be more appropriate.\n\n```{webr-r}\n## First, a boxplot for Height\nboxplot(Height)\n## Now, a side-by-side boxplot for Height with respect to Gender\nboxplot(Height~Gender)\n## We can have horizontal orientation\nboxplot(Height~Gender,horizontal=TRUE)\n## Please add a relevant title!\n\n```\n\nThis graphical representation makes it easy to compare the differences in $\\txt{Height}$ between genders. As demonstrated, a box plot is a clear and intuitive choice when we have one numerical variable and one categorical variable.\n\n## Lab Questions\n\n1.  Let us consider $\\txt{Browser}$ variable in relation to $\\txt{Cat\\_Dog}$.\n\n<!-- -->\n\ni)  Create a frequency table for the $\\txt{Browser}$ variable.\n\n```{webr-r}\n\n```\n\nii) Create a bar plot using the table object in (i).\n\n```{webr-r}\n\n```\n\niii) Create a conditional frequency table for $\\txt{Browser}$ with respect to $\\txt{Cat\\_Dog}$.\n\n```{webr-r}\n\n```\n\niv) Create a conditional frequency barplot for $\\txt{Browser}$ with respect to $\\txt{Cat\\_Dog}$. Discuss the relationship between the two categorical variables.\n\n```{webr-r}\n\n```\n\n2.  Let us consider $\\txt{Shoes}$ variable in relation to $\\txt{Gender}$. Note that we have one numerical and one categorical variable.\n\n<!-- -->\n\ni)  Choose a relevant graphical display to summarize the information of $\\txt{Shoes}$, and provide the plot.\n\n```{webr-r}\n\n```\n\nii)  Choose a relevant graphical display to summarize the information of $\\txt{Shoes}$ in terms of $\\txt{Gender}$, and provide the plot.\n\n```{webr-r}\n\n```\n\niii) Which gender has a higher central value for $\\txt{Shoes}$? Which gender shows greater variability? What can we infer about the number of pairs of shoes with respect to gender?\n\n```{webr-r}\n\n```\n\n**Click [HERE](https://coursesite.lehigh.edu/mod/quiz/view.php?id=5922429){target=\"_blank\"} to submit your answers.**\n"},"formats":{"html":{"identifier":{"display-name":"HTML","target-format":"html","base-format":"html"},"execute":{"fig-width":7,"fig-height":5,"fig-format":"retina","fig-dpi":96,"df-print":"default","error":false,"eval":true,"cache":null,"freeze":false,"echo":true,"output":true,"warning":true,"include":true,"keep-md":false,"keep-ipynb":false,"ipynb":null,"enabled":null,"daemon":null,"daemon-restart":false,"debug":false,"ipynb-filters":[],"ipynb-shell-interactivity":null,"plotly-connected":true,"engine":"knitr"},"render":{"keep-tex":false,"keep-typ":false,"keep-source":false,"keep-hidden":false,"prefer-html":false,"output-divs":true,"output-ext":"html","fig-align":"default","fig-pos":null,"fig-env":null,"code-fold":"none","code-overflow":"scroll","code-link":false,"code-line-numbers":false,"code-tools":false,"tbl-colwidths":"auto","merge-includes":true,"inline-includes":false,"preserve-yaml":false,"latex-auto-mk":true,"latex-auto-install":true,"latex-clean":true,"latex-min-runs":1,"latex-max-runs":10,"latex-makeindex":"makeindex","latex-makeindex-opts":[],"latex-tlmgr-opts":[],"latex-input-paths":[],"latex-output-dir":null,"link-external-icon":false,"link-external-newwindow":false,"self-contained-math":false,"format-resources":[],"notebook-links":true},"pandoc":{"standalone":true,"wrap":"none","default-image-extension":"png","to":"html","filters":["webr"],"toc":true,"css":["styles.css"],"output-file":"Lab_4.html"},"language":{"toc-title-document":"Table of contents","toc-title-website":"On this page","related-formats-title":"Other Formats","related-notebooks-title":"Notebooks","source-notebooks-prefix":"Source","other-links-title":"Other Links","code-links-title":"Code Links","launch-dev-container-title":"Launch Dev Container","launch-binder-title":"Launch Binder","article-notebook-label":"Article Notebook","notebook-preview-download":"Download Notebook","notebook-preview-download-src":"Download Source","notebook-preview-back":"Back to Article","manuscript-meca-bundle":"MECA Bundle","section-title-abstract":"Abstract","section-title-appendices":"Appendices","section-title-footnotes":"Footnotes","section-title-references":"References","section-title-reuse":"Reuse","section-title-copyright":"Copyright","section-title-citation":"Citation","appendix-attribution-cite-as":"For attribution, please cite this work as:","appendix-attribution-bibtex":"BibTeX citation:","appendix-view-license":"View License","title-block-author-single":"Author","title-block-author-plural":"Authors","title-block-affiliation-single":"Affiliation","title-block-affiliation-plural":"Affiliations","title-block-published":"Published","title-block-modified":"Modified","title-block-keywords":"Keywords","callout-tip-title":"Tip","callout-note-title":"Note","callout-warning-title":"Warning","callout-important-title":"Important","callout-caution-title":"Caution","code-summary":"Code","code-tools-menu-caption":"Code","code-tools-show-all-code":"Show All Code","code-tools-hide-all-code":"Hide All Code","code-tools-view-source":"View Source","code-tools-source-code":"Source Code","tools-share":"Share","tools-download":"Download","code-line":"Line","code-lines":"Lines","copy-button-tooltip":"Copy to Clipboard","copy-button-tooltip-success":"Copied!","repo-action-links-edit":"Edit this page","repo-action-links-source":"View source","repo-action-links-issue":"Report an issue","back-to-top":"Back to top","search-no-results-text":"No results","search-matching-documents-text":"matching documents","search-copy-link-title":"Copy link to search","search-hide-matches-text":"Hide additional matches","search-more-match-text":"more match in this document","search-more-matches-text":"more matches in this document","search-clear-button-title":"Clear","search-text-placeholder":"","search-detached-cancel-button-title":"Cancel","search-submit-button-title":"Submit","search-label":"Search","toggle-section":"Toggle section","toggle-sidebar":"Toggle sidebar navigation","toggle-dark-mode":"Toggle dark mode","toggle-reader-mode":"Toggle reader mode","toggle-navigation":"Toggle navigation","crossref-fig-title":"Figure","crossref-tbl-title":"Table","crossref-lst-title":"Listing","crossref-thm-title":"Theorem","crossref-lem-title":"Lemma","crossref-cor-title":"Corollary","crossref-prp-title":"Proposition","crossref-cnj-title":"Conjecture","crossref-def-title":"Definition","crossref-exm-title":"Example","crossref-exr-title":"Exercise","crossref-ch-prefix":"Chapter","crossref-apx-prefix":"Appendix","crossref-sec-prefix":"Section","crossref-eq-prefix":"Equation","crossref-lof-title":"List of Figures","crossref-lot-title":"List of Tables","crossref-lol-title":"List of Listings","environment-proof-title":"Proof","environment-remark-title":"Remark","environment-solution-title":"Solution","listing-page-order-by":"Order By","listing-page-order-by-default":"Default","listing-page-order-by-date-asc":"Oldest","listing-page-order-by-date-desc":"Newest","listing-page-order-by-number-desc":"High to Low","listing-page-order-by-number-asc":"Low to High","listing-page-field-date":"Date","listing-page-field-title":"Title","listing-page-field-description":"Description","listing-page-field-author":"Author","listing-page-field-filename":"File Name","listing-page-field-filemodified":"Modified","listing-page-field-subtitle":"Subtitle","listing-page-field-readingtime":"Reading Time","listing-page-field-wordcount":"Word Count","listing-page-field-categories":"Categories","listing-page-minutes-compact":"{0} min","listing-page-category-all":"All","listing-page-no-matches":"No matching items","listing-page-words":"{0} words","listing-page-filter":"Filter","draft":"Draft"},"metadata":{"lang":"en","fig-responsive":true,"quarto-version":"1.5.56","editor":"visual","theme":"sketchy","title":"Lab 4","webr":{"show-startup-message":true}},"extensions":{"book":{"multiFile":true}}}},"projectFormats":["html"]}