{"chunk_definitions":[{"row":14,"row_count":1,"visible":true,"expansion_state":0,"options":{"engine":"webr-r","label":"unnamed-chunk-8","dev":"png"},"document_id":"8B49A50F","chunk_id":"cqx9937r7vgyt","chunk_label":"-r"},{"row":25,"row_count":1,"visible":true,"expansion_state":0,"options":{"engine":"webr-r","label":"unnamed-chunk-9","dev":"png"},"document_id":"8B49A50F","chunk_id":"cl9qkyxpxjffd","chunk_label":"-r"},{"row":34,"row_count":1,"visible":true,"expansion_state":0,"options":{"engine":"webr-r","label":"unnamed-chunk-3","dev":"png"},"document_id":"8B49A50F","chunk_id":"cwcu8a9yhgeo9","chunk_label":"-r"}],"doc_write_time":1729350100}